{
"type": "FeatureCollection",
"name": "quellen",
"crs": { "type": "name", "properties": { "name": "urn:ogc:def:crs:EPSG::2056" } },
"xy_coordinate_resolution": 1,
"features": [
{ "type": "Feature", "properties": { "flurname": "Altenbaa", "ziel": "Nachbarkanton", "andock": "Gelände", "vergleich": "stimmt" }, "geometry": { "type": "Point", "coordinates": [ 2671429, 1259948 ] } },
{ "type": "Feature", "properties": { "flurname": "Altenbaa", "ziel": "Nachbarkanton", "andock": "Gelände", "vergleich": "stimmt" }, "geometry": { "type": "Point", "coordinates": [ 2671288, 1259911 ] } },
{ "type": "Feature", "properties": { "flurname": "Ror", "ziel": "Nachbarkanton", "andock": "Gelände", "vergleich": "stimmt" }, "geometry": { "type": "Point", "coordinates": [ 2671174, 1260424 ] } },
{ "type": "Feature", "properties": { "flurname": "Hermen", "ziel": "Limmat", "andock": "Gelände", "vergleich": "EZG ohne Namen" }, "geometry": { "type": "Point", "coordinates": [ 2681349, 1239232 ] } },
{ "type": "Feature", "properties": { "flurname": "Hohlenstein", "ziel": "Limmat", "andock": "Gelände", "vergleich": "EZG ohne Namen" }, "geometry": { "type": "Point", "coordinates": [ 2680929, 1239231 ] } },
{ "type": "Feature", "properties": { "flurname": "Hohlenstein", "ziel": "Limmat", "andock": "Gelände", "vergleich": "EZG ohne Namen" }, "geometry": { "type": "Point", "coordinates": [ 2680996, 1239249 ] } },
{ "type": "Feature", "properties": { "flurname": "Rossweg", "ziel": "Limmat", "andock": "Gelände", "vergleich": "EZG ohne Namen" }, "geometry": { "type": "Point", "coordinates": [ 2681036, 1239169 ] } },
{ "type": "Feature", "properties": { "flurname": "Schlattigatter", "ziel": "Limmat", "andock": "Gelände", "vergleich": "EZG ohne Namen" }, "geometry": { "type": "Point", "coordinates": [ 2680938, 1238916 ] } },
{ "type": "Feature", "properties": { "flurname": "Schlattigatter", "ziel": "Limmat", "andock": "Gelände", "vergleich": "EZG ohne Namen" }, "geometry": { "type": "Point", "coordinates": [ 2680919, 1238863 ] } },
{ "type": "Feature", "properties": { "flurname": "Husacher", "ziel": "Limmat", "andock": "Gelände", "vergleich": "EZG ohne Namen" }, "geometry": { "type": "Point", "coordinates": [ 2680955, 1238451 ] } },
{ "type": "Feature", "properties": { "flurname": "Schürbüel", "ziel": "Limmat", "andock": "Gelände", "vergleich": "EZG ohne Namen" }, "geometry": { "type": "Point", "coordinates": [ 2681071, 1238434 ] } },
{ "type": "Feature", "properties": { "flurname": "Rhihalden", "ziel": "Rhein", "andock": "Gelände", "vergleich": "stimmt" }, "geometry": { "type": "Point", "coordinates": [ 2682311, 1269618 ] } },
{ "type": "Feature", "properties": { "flurname": "Rhihalden", "ziel": "Rhein", "andock": "Gelände", "vergleich": "stimmt" }, "geometry": { "type": "Point", "coordinates": [ 2682447, 1269573 ] } },
{ "type": "Feature", "properties": { "flurname": "Rhihalden", "ziel": "Rhein", "andock": "Gelände", "vergleich": "stimmt" }, "geometry": { "type": "Point", "coordinates": [ 2682473, 1269557 ] } },
{ "type": "Feature", "properties": { "flurname": "Rhihalden", "ziel": "Rhein", "andock": "Gelände", "vergleich": "stimmt" }, "geometry": { "type": "Point", "coordinates": [ 2682483, 1269553 ] } },
{ "type": "Feature", "properties": { "flurname": "Goldiges Tor", "ziel": "Rhein", "andock": "Gelände", "vergleich": "stimmt" }, "geometry": { "type": "Point", "coordinates": [ 2684801, 1257834 ] } },
{ "type": "Feature", "properties": { "flurname": "Schauenbergholz", "ziel": "zu weit vom Bach", "andock": "zu weit", "vergleich": "nicht verfolgt" }, "geometry": { "type": "Point", "coordinates": [ 2707769, 1257577 ] } },
{ "type": "Feature", "properties": { "flurname": "Mannhäuli", "ziel": "Limmat", "andock": "Gelände", "vergleich": "stimmt" }, "geometry": { "type": "Point", "coordinates": [ 2677809, 1247842 ] } },
{ "type": "Feature", "properties": { "flurname": "Weid", "ziel": "zu weit vom Bach", "andock": "zu weit", "vergleich": "nicht verfolgt" }, "geometry": { "type": "Point", "coordinates": [ 2707406, 1257788 ] } },
{ "type": "Feature", "properties": { "flurname": "Schauenbergstrasse", "ziel": "zu weit vom Bach", "andock": "zu weit", "vergleich": "nicht verfolgt" }, "geometry": { "type": "Point", "coordinates": [ 2707492, 1257773 ] } },
{ "type": "Feature", "properties": { "flurname": "Langgraben", "ziel": "Rhein", "andock": "Gelände", "vergleich": "stimmt" }, "geometry": { "type": "Point", "coordinates": [ 2705618, 1258097 ] } },
{ "type": "Feature", "properties": { "flurname": "Weid", "ziel": "kein Anschluss", "andock": "nächster, unsicher", "vergleich": "nicht verfolgt" }, "geometry": { "type": "Point", "coordinates": [ 2705111, 1259547 ] } },
{ "type": "Feature", "properties": { "flurname": "Brugghalden", "ziel": "kein Anschluss", "andock": "Gelände", "vergleich": "nicht verfolgt" }, "geometry": { "type": "Point", "coordinates": [ 2704990, 1259459 ] } },
{ "type": "Feature", "properties": { "flurname": "Brugghalden", "ziel": "Rhein", "andock": "Gelände", "vergleich": "EZG ohne Namen" }, "geometry": { "type": "Point", "coordinates": [ 2705048, 1259354 ] } },
{ "type": "Feature", "properties": { "flurname": "zufl Buechbach", "ziel": "Nachbarkanton", "andock": "Gelände", "vergleich": "EZG ohne Namen" }, "geometry": { "type": "Point", "coordinates": [ 2708896, 1263390 ] } },
{ "type": "Feature", "properties": { "flurname": "Säuruggen", "ziel": "zu weit vom Bach", "andock": "zu weit", "vergleich": "nicht verfolgt" }, "geometry": { "type": "Point", "coordinates": [ 2708113, 1258107 ] } },
{ "type": "Feature", "properties": { "flurname": "Säuruggen", "ziel": "zu weit vom Bach", "andock": "zu weit", "vergleich": "nicht verfolgt" }, "geometry": { "type": "Point", "coordinates": [ 2708070, 1258119 ] } },
{ "type": "Feature", "properties": { "flurname": "Säuruggen", "ziel": "zu weit vom Bach", "andock": "zu weit", "vergleich": "nicht verfolgt" }, "geometry": { "type": "Point", "coordinates": [ 2707904, 1258083 ] } },
{ "type": "Feature", "properties": { "flurname": "Frauwies", "ziel": "Rhein", "andock": "Gelände", "vergleich": "stimmt" }, "geometry": { "type": "Point", "coordinates": [ 2675195, 1260127 ] } },
{ "type": "Feature", "properties": { "flurname": "Pflasterwiesen", "ziel": "Rhein", "andock": "Gelände", "vergleich": "stimmt" }, "geometry": { "type": "Point", "coordinates": [ 2674618, 1260020 ] } },
{ "type": "Feature", "properties": { "flurname": "Oberstierwis", "ziel": "Nachbarkanton", "andock": "Gelände", "vergleich": "stimmt" }, "geometry": { "type": "Point", "coordinates": [ 2674214, 1259930 ] } },
{ "type": "Feature", "properties": { "flurname": "Grossriet", "ziel": "Rhein", "andock": "Gelände", "vergleich": "EZG ohne Namen" }, "geometry": { "type": "Point", "coordinates": [ 2702196, 1251223 ] } },
{ "type": "Feature", "properties": { "flurname": "Neuguet", "ziel": "Limmat", "andock": "Gelände", "vergleich": "stimmt" }, "geometry": { "type": "Point", "coordinates": [ 2681654, 1238078 ] } },
{ "type": "Feature", "properties": { "flurname": "unterer langnauerberg", "ziel": "Limmat", "andock": "Gelände", "vergleich": "EZG ohne Namen" }, "geometry": { "type": "Point", "coordinates": [ 2681659, 1237636 ] } },
{ "type": "Feature", "properties": { "flurname": "Winzelenweg", "ziel": "Limmat", "andock": "Gelände", "vergleich": "EZG ohne Namen" }, "geometry": { "type": "Point", "coordinates": [ 2681892, 1237555 ] } },
{ "type": "Feature", "properties": { "flurname": "Läufi", "ziel": "Limmat", "andock": "nächster, unsicher", "vergleich": "EZG ohne Namen" }, "geometry": { "type": "Point", "coordinates": [ 2678778, 1246757 ] } },
{ "type": "Feature", "properties": { "flurname": "Langnauerberg", "ziel": "Limmat", "andock": "Gelände", "vergleich": "EZG ohne Namen" }, "geometry": { "type": "Point", "coordinates": [ 2681674, 1237390 ] } },
{ "type": "Feature", "properties": { "flurname": "Langnauerberg", "ziel": "Limmat", "andock": "Gelände", "vergleich": "EZG ohne Namen" }, "geometry": { "type": "Point", "coordinates": [ 2681666, 1237356 ] } },
{ "type": "Feature", "properties": { "flurname": "Langnauerberg", "ziel": "Limmat", "andock": "Gelände", "vergleich": "EZG ohne Namen" }, "geometry": { "type": "Point", "coordinates": [ 2681733, 1237186 ] } },
{ "type": "Feature", "properties": { "flurname": "Langnauerberg", "ziel": "Limmat", "andock": "Gelände", "vergleich": "EZG ohne Namen" }, "geometry": { "type": "Point", "coordinates": [ 2681706, 1237188 ] } },
{ "type": "Feature", "properties": { "flurname": "Langnauerberg", "ziel": "Limmat", "andock": "Gelände", "vergleich": "EZG ohne Namen" }, "geometry": { "type": "Point", "coordinates": [ 2681634, 1237136 ] } },
{ "type": "Feature", "properties": { "flurname": "Langnauerberg", "ziel": "Limmat", "andock": "Gelände", "vergleich": "EZG ohne Namen" }, "geometry": { "type": "Point", "coordinates": [ 2681610, 1237155 ] } },
{ "type": "Feature", "properties": { "flurname": "oberer Langnau", "ziel": "Limmat", "andock": "Gelände", "vergleich": "stimmt" }, "geometry": { "type": "Point", "coordinates": [ 2681282, 1237703 ] } },
{ "type": "Feature", "properties": { "flurname": "Rinderweidweg", "ziel": "Limmat", "andock": "Gelände", "vergleich": "stimmt" }, "geometry": { "type": "Point", "coordinates": [ 2681099, 1237881 ] } },
{ "type": "Feature", "properties": { "flurname": "Fülimatt", "ziel": "Limmat", "andock": "Gelände, anderer Bach", "vergleich": "stimmt" }, "geometry": { "type": "Point", "coordinates": [ 2681054, 1238120 ] } },
{ "type": "Feature", "properties": { "flurname": "Füllimatbächli", "ziel": "Limmat", "andock": "Gelände", "vergleich": "stimmt" }, "geometry": { "type": "Point", "coordinates": [ 2681210, 1238077 ] } },
{ "type": "Feature", "properties": { "flurname": "Füllimatbächli", "ziel": "Limmat", "andock": "Gelände", "vergleich": "stimmt" }, "geometry": { "type": "Point", "coordinates": [ 2681213, 1238047 ] } },
{ "type": "Feature", "properties": { "flurname": "Reifholzbächli", "ziel": "Limmat", "andock": "Gelände", "vergleich": "stimmt" }, "geometry": { "type": "Point", "coordinates": [ 2681205, 1237920 ] } },
{ "type": "Feature", "properties": { "flurname": "Schürbüel", "ziel": "Limmat", "andock": "Gelände", "vergleich": "EZG ohne Namen" }, "geometry": { "type": "Point", "coordinates": [ 2681219, 1238428 ] } },
{ "type": "Feature", "properties": { "flurname": "Schürbüel", "ziel": "Limmat", "andock": "Gelände", "vergleich": "EZG ohne Namen" }, "geometry": { "type": "Point", "coordinates": [ 2681215, 1238450 ] } },
{ "type": "Feature", "properties": { "flurname": "Weierbach", "ziel": "Limmat", "andock": "Gelände", "vergleich": "abweichend" }, "geometry": { "type": "Point", "coordinates": [ 2681340, 1238650 ] } },
{ "type": "Feature", "properties": { "flurname": "Sägel", "ziel": "Rhein", "andock": "Gelände", "vergleich": "stimmt" }, "geometry": { "type": "Point", "coordinates": [ 2702798, 1253464 ] } },
{ "type": "Feature", "properties": { "flurname": "Sägel", "ziel": "Rhein", "andock": "Gelände", "vergleich": "stimmt" }, "geometry": { "type": "Point", "coordinates": [ 2702807, 1253498 ] } },
{ "type": "Feature", "properties": { "flurname": "Sägel", "ziel": "Rhein", "andock": "Gelände", "vergleich": "stimmt" }, "geometry": { "type": "Point", "coordinates": [ 2702823, 1253526 ] } },
{ "type": "Feature", "properties": { "flurname": "Sägel", "ziel": "Rhein", "andock": "Gelände", "vergleich": "stimmt" }, "geometry": { "type": "Point", "coordinates": [ 2702861, 1253556 ] } },
{ "type": "Feature", "properties": { "flurname": "Tobel", "ziel": "Rhein", "andock": "Gelände", "vergleich": "stimmt" }, "geometry": { "type": "Point", "coordinates": [ 2703180, 1253635 ] } },
{ "type": "Feature", "properties": { "flurname": "Steinacher", "ziel": "Rhein", "andock": "Gelände", "vergleich": "stimmt" }, "geometry": { "type": "Point", "coordinates": [ 2703180, 1253365 ] } },
{ "type": "Feature", "properties": { "flurname": "Stigacher", "ziel": "Rhein", "andock": "Gelände", "vergleich": "stimmt" }, "geometry": { "type": "Point", "coordinates": [ 2703285, 1253239 ] } },
{ "type": "Feature", "properties": { "flurname": "Weid", "ziel": "Limmat", "andock": "Gelände", "vergleich": "EZG ohne Namen" }, "geometry": { "type": "Point", "coordinates": [ 2685656, 1237428 ] } },
{ "type": "Feature", "properties": { "flurname": "Unter Dunkelhölzlirain", "ziel": "kein Anschluss", "andock": "Gelände", "vergleich": "nicht verfolgt" }, "geometry": { "type": "Point", "coordinates": [ 2685224, 1237256 ] } },
{ "type": "Feature", "properties": { "flurname": "Bannegg", "ziel": "kein Anschluss", "andock": "Gelände", "vergleich": "nicht verfolgt" }, "geometry": { "type": "Point", "coordinates": [ 2685111, 1237557 ] } },
{ "type": "Feature", "properties": { "flurname": "Alsen", "ziel": "Limmat", "andock": "Gelände", "vergleich": "EZG ohne Namen" }, "geometry": { "type": "Point", "coordinates": [ 2684280, 1239432 ] } },
{ "type": "Feature", "properties": { "flurname": "Moos", "ziel": "Limmat", "andock": "Gelände", "vergleich": "EZG ohne Namen" }, "geometry": { "type": "Point", "coordinates": [ 2683946, 1239836 ] } },
{ "type": "Feature", "properties": { "flurname": "Tannenberg", "ziel": "Rhein", "andock": "Gelände", "vergleich": "EZG ohne Namen" }, "geometry": { "type": "Point", "coordinates": [ 2704099, 1249547 ] } },
{ "type": "Feature", "properties": { "flurname": "Ror_03", "ziel": "Rhein", "andock": "Gelände", "vergleich": "stimmt" }, "geometry": { "type": "Point", "coordinates": [ 2704864, 1250874 ] } },
{ "type": "Feature", "properties": { "flurname": "Wüesti", "ziel": "Rhein", "andock": "Gelände", "vergleich": "stimmt" }, "geometry": { "type": "Point", "coordinates": [ 2704929, 1251196 ] } },
{ "type": "Feature", "properties": { "flurname": "Schär", "ziel": "Rhein", "andock": "Gelände", "vergleich": "stimmt" }, "geometry": { "type": "Point", "coordinates": [ 2704313, 1250897 ] } },
{ "type": "Feature", "properties": { "flurname": "Neuhofbächli", "ziel": "Rhein", "andock": "Gelände", "vergleich": "stimmt" }, "geometry": { "type": "Point", "coordinates": [ 2704740, 1251826 ] } },
{ "type": "Feature", "properties": { "flurname": "Röschenwis", "ziel": "Rhein", "andock": "Gelände", "vergleich": "stimmt" }, "geometry": { "type": "Point", "coordinates": [ 2704531, 1251584 ] } },
{ "type": "Feature", "properties": { "flurname": "Hägstel, Gem. Russikon", "ziel": "Rhein", "andock": "Gelände", "vergleich": "stimmt" }, "geometry": { "type": "Point", "coordinates": [ 2703922, 1251559 ] } },
{ "type": "Feature", "properties": { "flurname": "Mülitobel, Gem. Weisslingen", "ziel": "Rhein", "andock": "Gelände", "vergleich": "stimmt" }, "geometry": { "type": "Point", "coordinates": [ 2702507, 1253410 ] } },
{ "type": "Feature", "properties": { "flurname": "Weidacker, Gem. Weisslingen", "ziel": "Rhein", "andock": "Gelände", "vergleich": "stimmt" }, "geometry": { "type": "Point", "coordinates": [ 2702623, 1253906 ] } },
{ "type": "Feature", "properties": { "flurname": "Weidacker, Gem. Weisslingen", "ziel": "Rhein", "andock": "Gelände", "vergleich": "stimmt" }, "geometry": { "type": "Point", "coordinates": [ 2702731, 1253739 ] } },
{ "type": "Feature", "properties": { "flurname": "Grossacker, Gem. Weisslingen", "ziel": "Rhein", "andock": "Gelände", "vergleich": "stimmt" }, "geometry": { "type": "Point", "coordinates": [ 2702251, 1253633 ] } },
{ "type": "Feature", "properties": { "flurname": "Weier, Gem. Wildberg", "ziel": "Rhein", "andock": "Gelände", "vergleich": "stimmt" }, "geometry": { "type": "Point", "coordinates": [ 2703414, 1254186 ] } },
{ "type": "Feature", "properties": { "flurname": "Weier, Gem. Wildberg", "ziel": "Rhein", "andock": "Gelände", "vergleich": "stimmt" }, "geometry": { "type": "Point", "coordinates": [ 2703527, 1254200 ] } },
{ "type": "Feature", "properties": { "flurname": "Wenk, Gem. Wildberg", "ziel": "Rhein", "andock": "Gelände", "vergleich": "stimmt" }, "geometry": { "type": "Point", "coordinates": [ 2703336, 1253782 ] } },
{ "type": "Feature", "properties": { "flurname": "Leematt, Gem. Wildberg", "ziel": "Rhein", "andock": "Gelände", "vergleich": "stimmt" }, "geometry": { "type": "Point", "coordinates": [ 2703543, 1253663 ] } },
{ "type": "Feature", "properties": { "flurname": "Reiti, Gem. Russikon", "ziel": "Rhein", "andock": "Gelände", "vergleich": "stimmt" }, "geometry": { "type": "Point", "coordinates": [ 2702365, 1252846 ] } },
{ "type": "Feature", "properties": { "flurname": "Leerüti", "ziel": "zu weit vom Bach", "andock": "zu weit", "vergleich": "nicht verfolgt" }, "geometry": { "type": "Point", "coordinates": [ 2701063, 1251903 ] } },
{ "type": "Feature", "properties": { "flurname": "Chretzerweid", "ziel": "zu weit vom Bach", "andock": "zu weit", "vergleich": "nicht verfolgt" }, "geometry": { "type": "Point", "coordinates": [ 2701048, 1252041 ] } },
{ "type": "Feature", "properties": { "flurname": "Chretzer", "ziel": "zu weit vom Bach", "andock": "zu weit", "vergleich": "nicht verfolgt" }, "geometry": { "type": "Point", "coordinates": [ 2701050, 1251923 ] } },
{ "type": "Feature", "properties": { "flurname": "Loch", "ziel": "Rhein", "andock": "Gelände", "vergleich": "EZG ohne Namen" }, "geometry": { "type": "Point", "coordinates": [ 2701075, 1251055 ] } },
{ "type": "Feature", "properties": { "flurname": "Ludetswil", "ziel": "Rhein", "andock": "Gelände", "vergleich": "stimmt" }, "geometry": { "type": "Point", "coordinates": [ 2702820, 1252918 ] } },
{ "type": "Feature", "properties": { "flurname": "Sägel", "ziel": "Rhein", "andock": "Gelände", "vergleich": "stimmt" }, "geometry": { "type": "Point", "coordinates": [ 2702794, 1253462 ] } },
{ "type": "Feature", "properties": { "flurname": "Haldenholz, Gem. Russikon", "ziel": "Rhein", "andock": "Gelände", "vergleich": "stimmt" }, "geometry": { "type": "Point", "coordinates": [ 2703083, 1250636 ] } },
{ "type": "Feature", "properties": { "flurname": "Chilsten, Gem. Russikon", "ziel": "Rhein", "andock": "Gelände", "vergleich": "stimmt" }, "geometry": { "type": "Point", "coordinates": [ 2702809, 1250274 ] } },
{ "type": "Feature", "properties": { "flurname": "Owachs", "ziel": "Rhein", "andock": "Gelände", "vergleich": "stimmt" }, "geometry": { "type": "Point", "coordinates": [ 2702837, 1249722 ] } },
{ "type": "Feature", "properties": { "flurname": "Chliweid", "ziel": "Rhein", "andock": "Gelände", "vergleich": "stimmt" }, "geometry": { "type": "Point", "coordinates": [ 2703473, 1249100 ] } },
{ "type": "Feature", "properties": { "flurname": "Tobelacher", "ziel": "Rhein", "andock": "Gelände", "vergleich": "stimmt" }, "geometry": { "type": "Point", "coordinates": [ 2703646, 1249822 ] } },
{ "type": "Feature", "properties": { "flurname": "Schwizerwis", "ziel": "Rhein", "andock": "Gelände", "vergleich": "stimmt" }, "geometry": { "type": "Point", "coordinates": [ 2703614, 1249753 ] } },
{ "type": "Feature", "properties": { "flurname": "Talwis", "ziel": "Rhein", "andock": "Gelände", "vergleich": "stimmt" }, "geometry": { "type": "Point", "coordinates": [ 2703438, 1250066 ] } },
{ "type": "Feature", "properties": { "flurname": "Ziegenschüsseln", "ziel": "Rhein", "andock": "Gelände", "vergleich": "stimmt" }, "geometry": { "type": "Point", "coordinates": [ 2703596, 1250288 ] } },
{ "type": "Feature", "properties": { "flurname": "Olpis", "ziel": "zu weit vom Bach", "andock": "zu weit", "vergleich": "nicht verfolgt" }, "geometry": { "type": "Point", "coordinates": [ 2707761, 1258143 ] } },
{ "type": "Feature", "properties": { "flurname": "Schaunbergebni", "ziel": "zu weit vom Bach", "andock": "zu weit", "vergleich": "nicht verfolgt" }, "geometry": { "type": "Point", "coordinates": [ 2707930, 1258085 ] } },
{ "type": "Feature", "properties": { "flurname": "Winzelweg", "ziel": "Limmat", "andock": "Gelände", "vergleich": "EZG ohne Namen" }, "geometry": { "type": "Point", "coordinates": [ 2681988, 1237020 ] } },
{ "type": "Feature", "properties": { "flurname": "Oberstierwisweg", "ziel": "Nachbarkanton", "andock": "Gelände", "vergleich": "stimmt" }, "geometry": { "type": "Point", "coordinates": [ 2674138, 1259957 ] } },
{ "type": "Feature", "properties": { "flurname": "Lägerenacher", "ziel": "Rhein", "andock": "Gelände", "vergleich": "stimmt" }, "geometry": { "type": "Point", "coordinates": [ 2674251, 1259880 ] } },
{ "type": "Feature", "properties": { "flurname": "Leibach", "ziel": "Nachbarkanton", "andock": "Gelände", "vergleich": "EZG ohne Namen" }, "geometry": { "type": "Point", "coordinates": [ 2672337, 1259652 ] } },
{ "type": "Feature", "properties": { "flurname": "Risi", "ziel": "Nachbarkanton", "andock": "Gelände", "vergleich": "EZG ohne Namen" }, "geometry": { "type": "Point", "coordinates": [ 2672415, 1259816 ] } },
{ "type": "Feature", "properties": { "flurname": "Giger", "ziel": "Nachbarkanton", "andock": "Gelände", "vergleich": "stimmt" }, "geometry": { "type": "Point", "coordinates": [ 2672743, 1259989 ] } },
{ "type": "Feature", "properties": { "flurname": "Ischlag", "ziel": "Nachbarkanton", "andock": "Gelände", "vergleich": "stimmt" }, "geometry": { "type": "Point", "coordinates": [ 2673133, 1260077 ] } },
{ "type": "Feature", "properties": { "flurname": "im Franz", "ziel": "Nachbarkanton", "andock": "Gelände", "vergleich": "stimmt" }, "geometry": { "type": "Point", "coordinates": [ 2673528, 1260139 ] } },
{ "type": "Feature", "properties": { "flurname": "Weid", "ziel": "Nachbarkanton", "andock": "Gelände", "vergleich": "stimmt" }, "geometry": { "type": "Point", "coordinates": [ 2672928, 1260394 ] } },
{ "type": "Feature", "properties": { "flurname": "Hintereggenbächli", "ziel": "Rhein", "andock": "Gelände", "vergleich": "stimmt" }, "geometry": { "type": "Point", "coordinates": [ 2704164, 1253267 ] } },
{ "type": "Feature", "properties": { "flurname": "Grossmoosbächli", "ziel": "Rhein", "andock": "Gelände", "vergleich": "stimmt" }, "geometry": { "type": "Point", "coordinates": [ 2704180, 1253194 ] } },
{ "type": "Feature", "properties": { "flurname": "Ebni", "ziel": "Rhein", "andock": "Gelände", "vergleich": "stimmt" }, "geometry": { "type": "Point", "coordinates": [ 2704156, 1253066 ] } },
{ "type": "Feature", "properties": { "flurname": "Brandplatz", "ziel": "Rhein", "andock": "Gelände", "vergleich": "stimmt" }, "geometry": { "type": "Point", "coordinates": [ 2704236, 1252821 ] } },
{ "type": "Feature", "properties": { "flurname": "Hofweg", "ziel": "Rhein", "andock": "Gelände", "vergleich": "stimmt" }, "geometry": { "type": "Point", "coordinates": [ 2704634, 1252190 ] } },
{ "type": "Feature", "properties": { "flurname": "Weierbach", "ziel": "Rhein", "andock": "Gelände", "vergleich": "stimmt" }, "geometry": { "type": "Point", "coordinates": [ 2704570, 1252360 ] } },
{ "type": "Feature", "properties": { "flurname": "Langenmatt", "ziel": "Rhein", "andock": "Gelände", "vergleich": "EZG ohne Namen" }, "geometry": { "type": "Point", "coordinates": [ 2704171, 1250414 ] } },
{ "type": "Feature", "properties": { "flurname": "Langenmattwis", "ziel": "Rhein", "andock": "Gelände", "vergleich": "stimmt" }, "geometry": { "type": "Point", "coordinates": [ 2703996, 1252268 ] } },
{ "type": "Feature", "properties": { "flurname": "Buck", "ziel": "Rhein", "andock": "Gelände", "vergleich": "stimmt" }, "geometry": { "type": "Point", "coordinates": [ 2703898, 1252411 ] } },
{ "type": "Feature", "properties": { "flurname": "Langenmattholzbächli", "ziel": "Rhein", "andock": "Gelände", "vergleich": "stimmt" }, "geometry": { "type": "Point", "coordinates": [ 2703823, 1252480 ] } },
{ "type": "Feature", "properties": { "flurname": "Tüelen", "ziel": "Rhein", "andock": "Gelände", "vergleich": "stimmt" }, "geometry": { "type": "Point", "coordinates": [ 2703792, 1252824 ] } },
{ "type": "Feature", "properties": { "flurname": "Tüfi", "ziel": "Rhein", "andock": "Gelände", "vergleich": "stimmt" }, "geometry": { "type": "Point", "coordinates": [ 2703747, 1253064 ] } },
{ "type": "Feature", "properties": { "flurname": "Staffelstrasse", "ziel": "Rhein", "andock": "Gelände", "vergleich": "stimmt" }, "geometry": { "type": "Point", "coordinates": [ 2703885, 1253374 ] } },
{ "type": "Feature", "properties": { "flurname": "Staffel", "ziel": "Rhein", "andock": "Gelände", "vergleich": "stimmt" }, "geometry": { "type": "Point", "coordinates": [ 2703553, 1253526 ] } },
{ "type": "Feature", "properties": { "flurname": "Gättiken", "ziel": "Limmat", "andock": "Gelände", "vergleich": "stimmt" }, "geometry": { "type": "Point", "coordinates": [ 2676321, 1244059 ] } },
{ "type": "Feature", "properties": { "flurname": "Rüteren", "ziel": "Rhein", "andock": "Gelände", "vergleich": "EZG ohne Namen" }, "geometry": { "type": "Point", "coordinates": [ 2704379, 1259155 ] } },
{ "type": "Feature", "properties": { "flurname": "Unterschlatterstrasse", "ziel": "Rhein", "andock": "Gelände", "vergleich": "abweichend" }, "geometry": { "type": "Point", "coordinates": [ 2704186, 1259253 ] } },
{ "type": "Feature", "properties": { "flurname": "Buechrein", "ziel": "Rhein", "andock": "Gelände", "vergleich": "EZG ohne Namen" }, "geometry": { "type": "Point", "coordinates": [ 2704355, 1259522 ] } },
{ "type": "Feature", "properties": { "flurname": "Tüfels Chilen", "ziel": "Rhein", "andock": "Gelände", "vergleich": "stimmt" }, "geometry": { "type": "Point", "coordinates": [ 2702744, 1257881 ] } },
{ "type": "Feature", "properties": { "flurname": "Pöschenacker, Gem. Russikon", "ziel": "Rhein", "andock": "Gelände", "vergleich": "stimmt" }, "geometry": { "type": "Point", "coordinates": [ 2702123, 1253072 ] } },
{ "type": "Feature", "properties": { "flurname": "Hochtannen, Gem. Russikon", "ziel": "Rhein", "andock": "Gelände", "vergleich": "EZG ohne Namen" }, "geometry": { "type": "Point", "coordinates": [ 2702490, 1250078 ] } },
{ "type": "Feature", "properties": { "flurname": "Wildberg, Gem. Russikon", "ziel": "Rhein", "andock": "Gelände", "vergleich": "stimmt" }, "geometry": { "type": "Point", "coordinates": [ 2703068, 1251684 ] } },
{ "type": "Feature", "properties": { "flurname": "Wildberg, Gem. Russikon", "ziel": "Rhein", "andock": "Gelände", "vergleich": "stimmt" }, "geometry": { "type": "Point", "coordinates": [ 2703098, 1251605 ] } },
{ "type": "Feature", "properties": { "flurname": "Dorfzälgli, Gem. Wildberg", "ziel": "Rhein", "andock": "Gelände", "vergleich": "stimmt" }, "geometry": { "type": "Point", "coordinates": [ 2704062, 1251486 ] } },
{ "type": "Feature", "properties": { "flurname": "Hinterholz, Gem. Russikon", "ziel": "Rhein", "andock": "Gelände", "vergleich": "stimmt" }, "geometry": { "type": "Point", "coordinates": [ 2703994, 1250990 ] } },
{ "type": "Feature", "properties": { "flurname": "Wannen/Striindler, Gem. Russikon", "ziel": "Rhein", "andock": "Gelände", "vergleich": "stimmt" }, "geometry": { "type": "Point", "coordinates": [ 2703160, 1251034 ] } },
{ "type": "Feature", "properties": { "flurname": "Flugplatz Kloten", "ziel": "Rhein", "andock": "Gelände", "vergleich": "stimmt" }, "geometry": { "type": "Point", "coordinates": [ 2684878, 1257838 ] } },
{ "type": "Feature", "properties": { "flurname": "Mittelalbis", "ziel": "kein Anschluss", "andock": "Gelände", "vergleich": "nicht verfolgt" }, "geometry": { "type": "Point", "coordinates": [ 2682285, 1236780 ] } },
{ "type": "Feature", "properties": { "flurname": "Mittelalbisbach", "ziel": "kein Anschluss", "andock": "Gelände", "vergleich": "nicht verfolgt" }, "geometry": { "type": "Point", "coordinates": [ 2682391, 1236679 ] } },
{ "type": "Feature", "properties": { "flurname": "Winzelen", "ziel": "Limmat", "andock": "Gelände", "vergleich": "EZG ohne Namen" }, "geometry": { "type": "Point", "coordinates": [ 2681958, 1237198 ] } },
{ "type": "Feature", "properties": { "flurname": "Winzelen", "ziel": "Limmat", "andock": "Gelände", "vergleich": "EZG ohne Namen" }, "geometry": { "type": "Point", "coordinates": [ 2681907, 1237149 ] } },
{ "type": "Feature", "properties": { "flurname": "Schafrainbach", "ziel": "Limmat", "andock": "Gelände", "vergleich": "EZG ohne Namen" }, "geometry": { "type": "Point", "coordinates": [ 2682069, 1237110 ] } },
{ "type": "Feature", "properties": { "flurname": "Fläckenwiesen", "ziel": "Rhein", "andock": "Gelände", "vergleich": "stimmt" }, "geometry": { "type": "Point", "coordinates": [ 2691252, 1264146 ] } },
{ "type": "Feature", "properties": { "flurname": "Fläckenwiesen", "ziel": "Rhein", "andock": "Gelände", "vergleich": "stimmt" }, "geometry": { "type": "Point", "coordinates": [ 2691252, 1264146 ] } },
{ "type": "Feature", "properties": { "flurname": "Berenbergschlössli", "ziel": "Rhein", "andock": "Gelände", "vergleich": "EZG ohne Namen" }, "geometry": { "type": "Point", "coordinates": [ 2692516, 1262445 ] } },
{ "type": "Feature", "properties": { "flurname": "Berenbergschlössli", "ziel": "Rhein", "andock": "Gelände", "vergleich": "EZG ohne Namen" }, "geometry": { "type": "Point", "coordinates": [ 2692476, 1262420 ] } },
{ "type": "Feature", "properties": { "flurname": "Cholgrueb", "ziel": "Rhein", "andock": "Gelände", "vergleich": "stimmt" }, "geometry": { "type": "Point", "coordinates": [ 2700109, 1255765 ] } },
{ "type": "Feature", "properties": { "flurname": "Hulmen", "ziel": "kein Anschluss", "andock": "Gelände", "vergleich": "nicht verfolgt" }, "geometry": { "type": "Point", "coordinates": [ 2702511, 1259303 ] } },
{ "type": "Feature", "properties": { "flurname": "Eidberg", "ziel": "kein Anschluss", "andock": "Gelände", "vergleich": "nicht verfolgt" }, "geometry": { "type": "Point", "coordinates": [ 2702379, 1259321 ] } },
{ "type": "Feature", "properties": { "flurname": "Ebnet", "ziel": "Rhein", "andock": "Gelände", "vergleich": "stimmt" }, "geometry": { "type": "Point", "coordinates": [ 2686348, 1263582 ] } },
{ "type": "Feature", "properties": { "flurname": "Töss", "ziel": "Rhein", "andock": "Gelände", "vergleich": "stimmt" }, "geometry": { "type": "Point", "coordinates": [ 2687570, 1264042 ] } },
{ "type": "Feature", "properties": { "flurname": "Töss", "ziel": "Rhein", "andock": "Gelände", "vergleich": "stimmt" }, "geometry": { "type": "Point", "coordinates": [ 2687649, 1264022 ] } },
{ "type": "Feature", "properties": { "flurname": "Tellen", "ziel": "zu weit vom Bach", "andock": "zu weit", "vergleich": "nicht verfolgt" }, "geometry": { "type": "Point", "coordinates": [ 2692268, 1270474 ] } },
{ "type": "Feature", "properties": { "flurname": "Erlenhölzli", "ziel": "zu weit vom Bach", "andock": "zu weit", "vergleich": "nicht verfolgt" }, "geometry": { "type": "Point", "coordinates": [ 2692328, 1272012 ] } },
{ "type": "Feature", "properties": { "flurname": "Unter den Felsen", "ziel": "kein Anschluss", "andock": "Gelände", "vergleich": "nicht verfolgt" }, "geometry": { "type": "Point", "coordinates": [ 2691018, 1272799 ] } },
{ "type": "Feature", "properties": { "flurname": "Unter den Felsen", "ziel": "kein Anschluss", "andock": "Gelände", "vergleich": "nicht verfolgt" }, "geometry": { "type": "Point", "coordinates": [ 2691024, 1272863 ] } },
{ "type": "Feature", "properties": { "flurname": "Expohof", "ziel": "Nachbarkanton", "andock": "Gelände", "vergleich": "stimmt" }, "geometry": { "type": "Point", "coordinates": [ 2670768, 1260060 ] } },
{ "type": "Feature", "properties": { "flurname": "Expohof", "ziel": "Nachbarkanton", "andock": "Gelände", "vergleich": "stimmt" }, "geometry": { "type": "Point", "coordinates": [ 2670800, 1260064 ] } },
{ "type": "Feature", "properties": { "flurname": "Lägerenweid", "ziel": "Nachbarkanton", "andock": "Gelände", "vergleich": "stimmt" }, "geometry": { "type": "Point", "coordinates": [ 2671778, 1259667 ] } },
{ "type": "Feature", "properties": { "flurname": "Lägerenweid", "ziel": "Nachbarkanton", "andock": "Gelände", "vergleich": "stimmt" }, "geometry": { "type": "Point", "coordinates": [ 2671680, 1259715 ] } },
{ "type": "Feature", "properties": { "flurname": "Lägerenweid", "ziel": "Nachbarkanton", "andock": "Gelände", "vergleich": "stimmt" }, "geometry": { "type": "Point", "coordinates": [ 2671598, 1259686 ] } },
{ "type": "Feature", "properties": { "flurname": "Ziegenschüsseln", "ziel": "Rhein", "andock": "Gelände", "vergleich": "stimmt" }, "geometry": { "type": "Point", "coordinates": [ 2703715, 1250309 ] } },
{ "type": "Feature", "properties": { "flurname": "Homberg", "ziel": "Rhein", "andock": "Gelände", "vergleich": "stimmt" }, "geometry": { "type": "Point", "coordinates": [ 2703889, 1250837 ] } },
{ "type": "Feature", "properties": { "flurname": "Grund", "ziel": "Rhein", "andock": "Gelände", "vergleich": "EZG ohne Namen" }, "geometry": { "type": "Point", "coordinates": [ 2675611, 1261217 ] } },
{ "type": "Feature", "properties": { "flurname": "Guggach", "ziel": "Rhein", "andock": "Gelände", "vergleich": "EZG ohne Namen" }, "geometry": { "type": "Point", "coordinates": [ 2675637, 1261595 ] } },
{ "type": "Feature", "properties": { "flurname": "Bruggwis", "ziel": "Rhein", "andock": "Gelände", "vergleich": "EZG ohne Namen" }, "geometry": { "type": "Point", "coordinates": [ 2676003, 1261650 ] } },
{ "type": "Feature", "properties": { "flurname": "Egghofstrasse", "ziel": "kein Anschluss", "andock": "Gelände", "vergleich": "nicht verfolgt" }, "geometry": { "type": "Point", "coordinates": [ 2673840, 1262036 ] } },
{ "type": "Feature", "properties": { "flurname": "Talhau", "ziel": "Nachbarkanton", "andock": "Gelände", "vergleich": "stimmt" }, "geometry": { "type": "Point", "coordinates": [ 2674282, 1261902 ] } },
{ "type": "Feature", "properties": { "flurname": "Talhau", "ziel": "Nachbarkanton", "andock": "Gelände", "vergleich": "stimmt" }, "geometry": { "type": "Point", "coordinates": [ 2674261, 1261965 ] } },
{ "type": "Feature", "properties": { "flurname": "Ror", "ziel": "kein Anschluss", "andock": "Gelände", "vergleich": "nicht verfolgt" }, "geometry": { "type": "Point", "coordinates": [ 2675875, 1260053 ] } },
{ "type": "Feature", "properties": { "flurname": "Chnoblezer", "ziel": "kein Anschluss", "andock": "Gelände", "vergleich": "nicht verfolgt" }, "geometry": { "type": "Point", "coordinates": [ 2675623, 1260222 ] } },
{ "type": "Feature", "properties": { "flurname": "Wehnthalerstrasse", "ziel": "kein Anschluss", "andock": "Gelände", "vergleich": "nicht verfolgt" }, "geometry": { "type": "Point", "coordinates": [ 2675511, 1260298 ] } },
{ "type": "Feature", "properties": { "flurname": "Gsang", "ziel": "Rhein", "andock": "Gelände", "vergleich": "abweichend" }, "geometry": { "type": "Point", "coordinates": [ 2701439, 1252600 ] } },
{ "type": "Feature", "properties": { "flurname": "Wiedikerhau", "ziel": "Limmat", "andock": "Gelände", "vergleich": "EZG ohne Namen" }, "geometry": { "type": "Point", "coordinates": [ 2678826, 1246436 ] } },
{ "type": "Feature", "properties": { "flurname": "Hinterwaldstrasse", "ziel": "Rhein", "andock": "Gelände", "vergleich": "EZG ohne Namen" }, "geometry": { "type": "Point", "coordinates": [ 2697956, 1258617 ] } },
{ "type": "Feature", "properties": { "flurname": "Roemerweg", "ziel": "Rhein", "andock": "Gelände", "vergleich": "stimmt" }, "geometry": { "type": "Point", "coordinates": [ 2687485, 1264055 ] } },
{ "type": "Feature", "properties": { "flurname": "Schluch", "ziel": "Nachbarkanton", "andock": "Gelände", "vergleich": "EZG ohne Namen" }, "geometry": { "type": "Point", "coordinates": [ 2708799, 1263397 ] } },
{ "type": "Feature", "properties": { "flurname": "Rhihalden", "ziel": "Rhein", "andock": "Gelände", "vergleich": "stimmt" }, "geometry": { "type": "Point", "coordinates": [ 2682405, 1269587 ] } },
{ "type": "Feature", "properties": { "flurname": "Rhihalden", "ziel": "Rhein", "andock": "Gelände", "vergleich": "stimmt" }, "geometry": { "type": "Point", "coordinates": [ 2682334, 1269602 ] } },
{ "type": "Feature", "properties": { "flurname": "Rutsch", "ziel": "Nachbarkanton", "andock": "Gelände", "vergleich": "stimmt" }, "geometry": { "type": "Point", "coordinates": [ 2673251, 1260189 ] } },
{ "type": "Feature", "properties": { "flurname": "Rutsch", "ziel": "Nachbarkanton", "andock": "Gelände", "vergleich": "stimmt" }, "geometry": { "type": "Point", "coordinates": [ 2673279, 1260237 ] } },
{ "type": "Feature", "properties": { "flurname": "Halden, Gem. Wildberg", "ziel": "Rhein", "andock": "Gelände", "vergleich": "stimmt" }, "geometry": { "type": "Point", "coordinates": [ 2703668, 1254092 ] } },
{ "type": "Feature", "properties": { "flurname": "Böni", "ziel": "Limmat", "andock": "Gelände", "vergleich": "EZG ohne Namen" }, "geometry": { "type": "Point", "coordinates": [ 2685237, 1237479 ] } },
{ "type": "Feature", "properties": { "flurname": "Lütisgrund", "ziel": "Nachbarkanton", "andock": "Gelände", "vergleich": "abweichend" }, "geometry": { "type": "Point", "coordinates": [ 2669817, 1260111 ] } },
{ "type": "Feature", "properties": { "flurname": "Hungerberg", "ziel": "Rhein", "andock": "Gelände", "vergleich": "EZG ohne Namen" }, "geometry": { "type": "Point", "coordinates": [ 2679841, 1252442 ] } },
{ "type": "Feature", "properties": { "flurname": "Lehmgrubenweg_3", "ziel": "Rhein", "andock": "Gelände", "vergleich": "EZG ohne Namen" }, "geometry": { "type": "Point", "coordinates": [ 2679790, 1252010 ] } },
{ "type": "Feature", "properties": { "flurname": "Hungerberg", "ziel": "Rhein", "andock": "Gelände", "vergleich": "EZG ohne Namen" }, "geometry": { "type": "Point", "coordinates": [ 2679803, 1252656 ] } },
{ "type": "Feature", "properties": { "flurname": "Badloch", "ziel": "Nachbarkanton", "andock": "Gelände, anderer Bach", "vergleich": "stimmt" }, "geometry": { "type": "Point", "coordinates": [ 2671462, 1258692 ] } },
{ "type": "Feature", "properties": { "flurname": "Langwis/Huligen", "ziel": "Nachbarkanton", "andock": "Gelände", "vergleich": "EZG ohne Namen" }, "geometry": { "type": "Point", "coordinates": [ 2671693, 1258303 ] } },
{ "type": "Feature", "properties": { "flurname": "Badloch", "ziel": "Nachbarkanton", "andock": "Gelände", "vergleich": "stimmt" }, "geometry": { "type": "Point", "coordinates": [ 2671478, 1258730 ] } },
{ "type": "Feature", "properties": { "flurname": "Bäberwilerwald", "ziel": "Rhein", "andock": "Gelände", "vergleich": "stimmt" }, "geometry": { "type": "Point", "coordinates": [ 2706830, 1255663 ] } },
{ "type": "Feature", "properties": { "flurname": "Bäbernwilerwald", "ziel": "Rhein", "andock": "Gelände", "vergleich": "stimmt" }, "geometry": { "type": "Point", "coordinates": [ 2706643, 1255912 ] } },
{ "type": "Feature", "properties": { "flurname": "Buechrüti", "ziel": "Limmat", "andock": "Gelände", "vergleich": "stimmt" }, "geometry": { "type": "Point", "coordinates": [ 2674116, 1242902 ] } },
{ "type": "Feature", "properties": { "flurname": "Reutetal", "ziel": "Limmat", "andock": "Gelände", "vergleich": "stimmt" }, "geometry": { "type": "Point", "coordinates": [ 2674539, 1243673 ] } },
{ "type": "Feature", "properties": { "flurname": "Stierenwald", "ziel": "Limmat", "andock": "Gelände", "vergleich": "EZG ohne Namen" }, "geometry": { "type": "Point", "coordinates": [ 2674699, 1243193 ] } },
{ "type": "Feature", "properties": { "flurname": "Chüewald", "ziel": "Nachbarkanton", "andock": "Gelände", "vergleich": "abweichend" }, "geometry": { "type": "Point", "coordinates": [ 2674398, 1242483 ] } },
{ "type": "Feature", "properties": { "flurname": "Birchmatt", "ziel": "Limmat", "andock": "Gelände", "vergleich": "stimmt" }, "geometry": { "type": "Point", "coordinates": [ 2674094, 1242902 ] } },
{ "type": "Feature", "properties": { "flurname": "Hinter Reuental", "ziel": "Limmat", "andock": "Gelände", "vergleich": "stimmt" }, "geometry": { "type": "Point", "coordinates": [ 2674364, 1243762 ] } },
{ "type": "Feature", "properties": { "flurname": "Erlen ", "ziel": "Rhein", "andock": "Gelände", "vergleich": "stimmt" }, "geometry": { "type": "Point", "coordinates": [ 2697759, 1264302 ] } },
{ "type": "Feature", "properties": { "flurname": "Eggenzaa", "ziel": "Rhein", "andock": "Gelände", "vergleich": "EZG ohne Namen" }, "geometry": { "type": "Point", "coordinates": [ 2697612, 1264198 ] } },
{ "type": "Feature", "properties": { "flurname": "Chrutzelriet", "ziel": "kein Anschluss", "andock": "Gelände", "vergleich": "nicht verfolgt" }, "geometry": { "type": "Point", "coordinates": [ 2691938, 1249719 ] } },
{ "type": "Feature", "properties": { "flurname": "Ägertli", "ziel": "Rhein", "andock": "Gelände", "vergleich": "stimmt" }, "geometry": { "type": "Point", "coordinates": [ 2692296, 1247856 ] } },
{ "type": "Feature", "properties": { "flurname": "Suelen", "ziel": "Rhein", "andock": "Gelände", "vergleich": "stimmt" }, "geometry": { "type": "Point", "coordinates": [ 2692089, 1247695 ] } },
{ "type": "Feature", "properties": { "flurname": "Lerchenplatz", "ziel": "Rhein", "andock": "Gelände", "vergleich": "EZG ohne Namen" }, "geometry": { "type": "Point", "coordinates": [ 2692994, 1247650 ] } },
{ "type": "Feature", "properties": { "flurname": "Heidenriet", "ziel": "Rhein", "andock": "Gelände", "vergleich": "EZG ohne Namen" }, "geometry": { "type": "Point", "coordinates": [ 2691197, 1249505 ] } },
{ "type": "Feature", "properties": { "flurname": "Moos", "ziel": "kein Anschluss", "andock": "Gelände", "vergleich": "nicht verfolgt" }, "geometry": { "type": "Point", "coordinates": [ 2684864, 1249192 ] } },
{ "type": "Feature", "properties": { "flurname": "Hundscheri", "ziel": "Rhein", "andock": "Gelände", "vergleich": "EZG ohne Namen" }, "geometry": { "type": "Point", "coordinates": [ 2685939, 1259400 ] } },
{ "type": "Feature", "properties": { "flurname": "Gfurt", "ziel": "Rhein", "andock": "Gelände", "vergleich": "EZG ohne Namen" }, "geometry": { "type": "Point", "coordinates": [ 2685345, 1259852 ] } },
{ "type": "Feature", "properties": { "flurname": "Wannen", "ziel": "Rhein", "andock": "Gelände", "vergleich": "stimmt" }, "geometry": { "type": "Point", "coordinates": [ 2681219, 1251539 ] } },
{ "type": "Feature", "properties": { "flurname": "Hinterholz", "ziel": "Rhein", "andock": "Gelände", "vergleich": "EZG ohne Namen" }, "geometry": { "type": "Point", "coordinates": [ 2686281, 1259186 ] } },
{ "type": "Feature", "properties": { "flurname": "Holderbachtel", "ziel": "Rhein", "andock": "Gelände", "vergleich": "EZG ohne Namen" }, "geometry": { "type": "Point", "coordinates": [ 2680404, 1251644 ] } },
{ "type": "Feature", "properties": { "flurname": "Chorherrenholz", "ziel": "kein Anschluss", "andock": "Gelände", "vergleich": "nicht verfolgt" }, "geometry": { "type": "Point", "coordinates": [ 2684737, 1249538 ] } },
{ "type": "Feature", "properties": { "flurname": "Streitholz", "ziel": "kein Anschluss", "andock": "Gelände", "vergleich": "nicht verfolgt" }, "geometry": { "type": "Point", "coordinates": [ 2684486, 1249913 ] } },
{ "type": "Feature", "properties": { "flurname": "Käferberg", "ziel": "Limmat", "andock": "Gelände", "vergleich": "stimmt" }, "geometry": { "type": "Point", "coordinates": [ 2681772, 1250820 ] } },
{ "type": "Feature", "properties": { "flurname": "Malenrüti", "ziel": "Rhein", "andock": "Gelände", "vergleich": "EZG ohne Namen" }, "geometry": { "type": "Point", "coordinates": [ 2685913, 1259597 ] } },
{ "type": "Feature", "properties": { "flurname": "Rüteli", "ziel": "Rhein", "andock": "Gelände", "vergleich": "EZG ohne Namen" }, "geometry": { "type": "Point", "coordinates": [ 2685795, 1259479 ] } },
{ "type": "Feature", "properties": { "flurname": "Althoos", "ziel": "Rhein", "andock": "Gelände", "vergleich": "stimmt" }, "geometry": { "type": "Point", "coordinates": [ 2681696, 1251501 ] } },
{ "type": "Feature", "properties": { "flurname": "Käferberg", "ziel": "Rhein", "andock": "Gelände", "vergleich": "stimmt" }, "geometry": { "type": "Point", "coordinates": [ 2681633, 1251175 ] } },
{ "type": "Feature", "properties": { "flurname": "Büechlirain", "ziel": "zu weit vom Bach", "andock": "zu weit", "vergleich": "nicht verfolgt" }, "geometry": { "type": "Point", "coordinates": [ 2694655, 1260863 ] } },
{ "type": "Feature", "properties": { "flurname": "Chronenrain", "ziel": "Rhein", "andock": "Gelände", "vergleich": "stimmt" }, "geometry": { "type": "Point", "coordinates": [ 2694929, 1260501 ] } },
{ "type": "Feature", "properties": { "flurname": "Eschenbergbach", "ziel": "Rhein", "andock": "Gelände", "vergleich": "EZG ohne Namen" }, "geometry": { "type": "Point", "coordinates": [ 2698162, 1258970 ] } },
{ "type": "Feature", "properties": { "flurname": "Steglitobel", "ziel": "Rhein", "andock": "Gelände", "vergleich": "stimmt" }, "geometry": { "type": "Point", "coordinates": [ 2697852, 1259983 ] } },
{ "type": "Feature", "properties": { "flurname": "Oberes Loo", "ziel": "Rhein", "andock": "Gelände", "vergleich": "EZG ohne Namen" }, "geometry": { "type": "Point", "coordinates": [ 2698468, 1259439 ] } },
{ "type": "Feature", "properties": { "flurname": "Unteres Loo", "ziel": "Rhein", "andock": "Gelände", "vergleich": "EZG ohne Namen" }, "geometry": { "type": "Point", "coordinates": [ 2698547, 1259718 ] } },
{ "type": "Feature", "properties": { "flurname": "Ritzenmoos", "ziel": "kein Anschluss", "andock": "Gelände", "vergleich": "nicht verfolgt" }, "geometry": { "type": "Point", "coordinates": [ 2696625, 1260114 ] } },
{ "type": "Feature", "properties": { "flurname": "Gulimoos", "ziel": "Rhein", "andock": "Gelände", "vergleich": "stimmt" }, "geometry": { "type": "Point", "coordinates": [ 2696411, 1259769 ] } },
{ "type": "Feature", "properties": { "flurname": "Eicheliwald", "ziel": "Rhein", "andock": "Gelände", "vergleich": "stimmt" }, "geometry": { "type": "Point", "coordinates": [ 2696283, 1259986 ] } },
{ "type": "Feature", "properties": { "flurname": "Harzighöll", "ziel": "Rhein", "andock": "Gelände", "vergleich": "stimmt" }, "geometry": { "type": "Point", "coordinates": [ 2697146, 1259664 ] } },
{ "type": "Feature", "properties": { "flurname": "Finsteri", "ziel": "Rhein", "andock": "Gelände", "vergleich": "stimmt" }, "geometry": { "type": "Point", "coordinates": [ 2696456, 1259446 ] } },
{ "type": "Feature", "properties": { "flurname": "Moos", "ziel": "Rhein", "andock": "Gelände", "vergleich": "stimmt" }, "geometry": { "type": "Point", "coordinates": [ 2698852, 1259071 ] } },
{ "type": "Feature", "properties": { "flurname": "Kwaletbach", "ziel": "Rhein", "andock": "Gelände", "vergleich": "stimmt" }, "geometry": { "type": "Point", "coordinates": [ 2697924, 1259680 ] } },
{ "type": "Feature", "properties": { "flurname": "Loobach", "ziel": "Rhein", "andock": "Gelände", "vergleich": "EZG ohne Namen" }, "geometry": { "type": "Point", "coordinates": [ 2698205, 1259809 ] } },
{ "type": "Feature", "properties": { "flurname": "Steintobelbach", "ziel": "Rhein", "andock": "Gelände", "vergleich": "EZG ohne Namen" }, "geometry": { "type": "Point", "coordinates": [ 2697983, 1259188 ] } },
{ "type": "Feature", "properties": { "flurname": "Eggenzahn", "ziel": "Rhein", "andock": "Gelände", "vergleich": "stimmt" }, "geometry": { "type": "Point", "coordinates": [ 2697586, 1264412 ] } },
{ "type": "Feature", "properties": { "flurname": "Wiedikerhau 2", "ziel": "Limmat", "andock": "Gelände", "vergleich": "EZG ohne Namen" }, "geometry": { "type": "Point", "coordinates": [ 2678805, 1246446 ] } },
{ "type": "Feature", "properties": { "flurname": "Ischluss", "ziel": "Rhein", "andock": "Gelände", "vergleich": "EZG ohne Namen" }, "geometry": { "type": "Point", "coordinates": [ 2697373, 1263274 ] } },
{ "type": "Feature", "properties": { "flurname": "Süssenberg", "ziel": "kein Anschluss", "andock": "Gelände", "vergleich": "nicht verfolgt" }, "geometry": { "type": "Point", "coordinates": [ 2698333, 1262518 ] } },
{ "type": "Feature", "properties": { "flurname": "Locheren/Badloch", "ziel": "Nachbarkanton", "andock": "Gelände", "vergleich": "stimmt" }, "geometry": { "type": "Point", "coordinates": [ 2671407, 1258771 ] } },
{ "type": "Feature", "properties": { "flurname": "Badloch", "ziel": "Nachbarkanton", "andock": "Gelände", "vergleich": "stimmt" }, "geometry": { "type": "Point", "coordinates": [ 2671523, 1258714 ] } },
{ "type": "Feature", "properties": { "flurname": "Tüftel", "ziel": "Nachbarkanton", "andock": "Gelände", "vergleich": "stimmt" }, "geometry": { "type": "Point", "coordinates": [ 2670458, 1258024 ] } },
{ "type": "Feature", "properties": { "flurname": "Locheren/Stübli/Laubrunnen", "ziel": "Nachbarkanton", "andock": "Gelände", "vergleich": "stimmt" }, "geometry": { "type": "Point", "coordinates": [ 2671315, 1259020 ] } },
{ "type": "Feature", "properties": { "flurname": "Unterholz", "ziel": "Rhein", "andock": "Gelände", "vergleich": "EZG ohne Namen" }, "geometry": { "type": "Point", "coordinates": [ 2685148, 1250408 ] } },
{ "type": "Feature", "properties": { "flurname": "Hüttenrain", "ziel": "Rhein", "andock": "Gelände", "vergleich": "EZG ohne Namen" }, "geometry": { "type": "Point", "coordinates": [ 2685390, 1250319 ] } },
{ "type": "Feature", "properties": { "flurname": "Sack", "ziel": "Rhein", "andock": "Gelände", "vergleich": "EZG ohne Namen" }, "geometry": { "type": "Point", "coordinates": [ 2685424, 1249987 ] } },
{ "type": "Feature", "properties": { "flurname": "Liebwisen", "ziel": "Rhein", "andock": "Gelände", "vergleich": "EZG ohne Namen" }, "geometry": { "type": "Point", "coordinates": [ 2685495, 1249650 ] } },
{ "type": "Feature", "properties": { "flurname": "Loch", "ziel": "Rhein", "andock": "Gelände", "vergleich": "stimmt" }, "geometry": { "type": "Point", "coordinates": [ 2706784, 1255295 ] } },
{ "type": "Feature", "properties": { "flurname": "Galenbuch", "ziel": "Rhein", "andock": "Gelände", "vergleich": "stimmt" }, "geometry": { "type": "Point", "coordinates": [ 2708439, 1256741 ] } },
{ "type": "Feature", "properties": { "flurname": "Galenbuch", "ziel": "Rhein", "andock": "Gelände", "vergleich": "stimmt" }, "geometry": { "type": "Point", "coordinates": [ 2708426, 1256611 ] } },
{ "type": "Feature", "properties": { "flurname": "Junkholz", "ziel": "Rhein", "andock": "Gelände", "vergleich": "stimmt" }, "geometry": { "type": "Point", "coordinates": [ 2708157, 1256682 ] } },
{ "type": "Feature", "properties": { "flurname": "Neugrüt", "ziel": "Rhein", "andock": "Gelände", "vergleich": "stimmt" }, "geometry": { "type": "Point", "coordinates": [ 2708104, 1256718 ] } },
{ "type": "Feature", "properties": { "flurname": "Rinderweid", "ziel": "Rhein", "andock": "Gelände", "vergleich": "stimmt" }, "geometry": { "type": "Point", "coordinates": [ 2707607, 1256429 ] } },
{ "type": "Feature", "properties": { "flurname": "Rinderweid", "ziel": "Rhein", "andock": "Gelände", "vergleich": "stimmt" }, "geometry": { "type": "Point", "coordinates": [ 2707577, 1256431 ] } },
{ "type": "Feature", "properties": { "flurname": "Chliweidli", "ziel": "Rhein", "andock": "Gelände", "vergleich": "stimmt" }, "geometry": { "type": "Point", "coordinates": [ 2707361, 1256244 ] } },
{ "type": "Feature", "properties": { "flurname": "Eschenwisbäcli", "ziel": "Rhein", "andock": "Gelände", "vergleich": "stimmt" }, "geometry": { "type": "Point", "coordinates": [ 2704556, 1251530 ] } },
{ "type": "Feature", "properties": { "flurname": "Juch", "ziel": "Rhein", "andock": "Gelände", "vergleich": "abweichend" }, "geometry": { "type": "Point", "coordinates": [ 2702540, 1251052 ] } },
{ "type": "Feature", "properties": { "flurname": "Hinterholz, Gem. Russikon", "ziel": "Rhein", "andock": "Gelände", "vergleich": "stimmt" }, "geometry": { "type": "Point", "coordinates": [ 2703939, 1251120 ] } },
{ "type": "Feature", "properties": { "flurname": "Ramswinkel", "ziel": "Nachbarkanton", "andock": "Gelände", "vergleich": "stimmt" }, "geometry": { "type": "Point", "coordinates": [ 2670611, 1259605 ] } },
{ "type": "Feature", "properties": { "flurname": "Lägernstrasse", "ziel": "Nachbarkanton", "andock": "Gelände", "vergleich": "stimmt" }, "geometry": { "type": "Point", "coordinates": [ 2670552, 1259601 ] } },
{ "type": "Feature", "properties": { "flurname": "Himibuck", "ziel": "Nachbarkanton", "andock": "Gelände", "vergleich": "stimmt" }, "geometry": { "type": "Point", "coordinates": [ 2670664, 1260049 ] } },
{ "type": "Feature", "properties": { "flurname": "Himibuck", "ziel": "Nachbarkanton", "andock": "Gelände", "vergleich": "stimmt" }, "geometry": { "type": "Point", "coordinates": [ 2670635, 1260058 ] } },
{ "type": "Feature", "properties": { "flurname": "Bergwiesen", "ziel": "Nachbarkanton", "andock": "Gelände", "vergleich": "stimmt" }, "geometry": { "type": "Point", "coordinates": [ 2670078, 1259605 ] } },
{ "type": "Feature", "properties": { "flurname": "Specht", "ziel": "Nachbarkanton", "andock": "Gelände", "vergleich": "stimmt" }, "geometry": { "type": "Point", "coordinates": [ 2670273, 1260064 ] } },
{ "type": "Feature", "properties": { "flurname": "Lütisgrund", "ziel": "Nachbarkanton", "andock": "Gelände", "vergleich": "abweichend" }, "geometry": { "type": "Point", "coordinates": [ 2669736, 1260203 ] } },
{ "type": "Feature", "properties": { "flurname": "Hallenbad", "ziel": "Limmat", "andock": "Gelände", "vergleich": "stimmt" }, "geometry": { "type": "Point", "coordinates": [ 2682808, 1240793 ] } },
{ "type": "Feature", "properties": { "flurname": "Leisibüel", "ziel": "Rhein", "andock": "Gelände", "vergleich": "abweichend" }, "geometry": { "type": "Point", "coordinates": [ 2701634, 1252764 ] } },
{ "type": "Feature", "properties": { "flurname": "Frobüel", "ziel": "kein Anschluss", "andock": "Gelände", "vergleich": "nicht verfolgt" }, "geometry": { "type": "Point", "coordinates": [ 2681033, 1256293 ] } },
{ "type": "Feature", "properties": { "flurname": "Schwändenholz", "ziel": "Limmat", "andock": "Gelände", "vergleich": "EZG ohne Namen" }, "geometry": { "type": "Point", "coordinates": [ 2679049, 1245927 ] } },
{ "type": "Feature", "properties": { "flurname": "Halden", "ziel": "Rhein", "andock": "Gelände", "vergleich": "stimmt" }, "geometry": { "type": "Point", "coordinates": [ 2679528, 1256440 ] } },
{ "type": "Feature", "properties": { "flurname": "Haslibach", "ziel": "Rhein", "andock": "Gelände", "vergleich": "stimmt" }, "geometry": { "type": "Point", "coordinates": [ 2680952, 1255574 ] } },
{ "type": "Feature", "properties": { "flurname": "Fuchshau", "ziel": "Rhein", "andock": "Gelände", "vergleich": "stimmt" }, "geometry": { "type": "Point", "coordinates": [ 2680151, 1255969 ] } },
{ "type": "Feature", "properties": { "flurname": "Fuchs", "ziel": "Rhein", "andock": "Gelände", "vergleich": "EZG ohne Namen" }, "geometry": { "type": "Point", "coordinates": [ 2681388, 1255649 ] } },
{ "type": "Feature", "properties": { "flurname": "Beginn Nänikerbach Holiebi", "ziel": "kein Anschluss", "andock": "Gelände", "vergleich": "nicht verfolgt" }, "geometry": { "type": "Point", "coordinates": [ 2696271, 1247274 ] } },
{ "type": "Feature", "properties": { "flurname": "Hopperen Nänikerried", "ziel": "Rhein", "andock": "Gelände", "vergleich": "EZG ohne Namen" }, "geometry": { "type": "Point", "coordinates": [ 2695320, 1247188 ] } },
{ "type": "Feature", "properties": { "flurname": "Chrottenbühl", "ziel": "Rhein", "andock": "Gelände", "vergleich": "EZG ohne Namen" }, "geometry": { "type": "Point", "coordinates": [ 2694710, 1245537 ] } },
{ "type": "Feature", "properties": { "flurname": "Jungholz Wildsberg", "ziel": "Rhein", "andock": "Gelände", "vergleich": "EZG ohne Namen" }, "geometry": { "type": "Point", "coordinates": [ 2695053, 1245397 ] } },
{ "type": "Feature", "properties": { "flurname": "Brandschänki Gschwader", "ziel": "kein Anschluss", "andock": "Gelände", "vergleich": "nicht verfolgt" }, "geometry": { "type": "Point", "coordinates": [ 2695967, 1246338 ] } },
{ "type": "Feature", "properties": { "flurname": "Brüelberg", "ziel": "Rhein", "andock": "Gelände", "vergleich": "stimmt" }, "geometry": { "type": "Point", "coordinates": [ 2695622, 1261920 ] } },
{ "type": "Feature", "properties": { "flurname": "Brüelberg", "ziel": "Rhein", "andock": "Gelände", "vergleich": "stimmt" }, "geometry": { "type": "Point", "coordinates": [ 2695527, 1261985 ] } },
{ "type": "Feature", "properties": { "flurname": "Brüelberg", "ziel": "Rhein", "andock": "Gelände", "vergleich": "stimmt" }, "geometry": { "type": "Point", "coordinates": [ 2695411, 1262257 ] } },
{ "type": "Feature", "properties": { "flurname": "Brüelberg", "ziel": "Rhein", "andock": "Gelände", "vergleich": "stimmt" }, "geometry": { "type": "Point", "coordinates": [ 2695535, 1262238 ] } },
{ "type": "Feature", "properties": { "flurname": "Brüelberg", "ziel": "Rhein", "andock": "Gelände", "vergleich": "stimmt" }, "geometry": { "type": "Point", "coordinates": [ 2695529, 1262232 ] } },
{ "type": "Feature", "properties": { "flurname": "Rossweid", "ziel": "Rhein", "andock": "Gelände", "vergleich": "stimmt" }, "geometry": { "type": "Point", "coordinates": [ 2694182, 1261574 ] } },
{ "type": "Feature", "properties": { "flurname": "Rotzimoos", "ziel": "Rhein", "andock": "Gelände", "vergleich": "EZG ohne Namen" }, "geometry": { "type": "Point", "coordinates": [ 2685289, 1261793 ] } },
{ "type": "Feature", "properties": { "flurname": "Hintergschmatt", "ziel": "Rhein", "andock": "Gelände", "vergleich": "EZG ohne Namen" }, "geometry": { "type": "Point", "coordinates": [ 2685303, 1260580 ] } },
{ "type": "Feature", "properties": { "flurname": "Heubergloo", "ziel": "Rhein", "andock": "Gelände", "vergleich": "EZG ohne Namen" }, "geometry": { "type": "Point", "coordinates": [ 2684756, 1260206 ] } },
{ "type": "Feature", "properties": { "flurname": "Preisenriet", "ziel": "Rhein", "andock": "Gelände", "vergleich": "EZG ohne Namen" }, "geometry": { "type": "Point", "coordinates": [ 2685395, 1261216 ] } },
{ "type": "Feature", "properties": { "flurname": "Scheubler", "ziel": "Rhein", "andock": "Gelände", "vergleich": "stimmt" }, "geometry": { "type": "Point", "coordinates": [ 2680164, 1256016 ] } },
{ "type": "Feature", "properties": { "flurname": "Setziweiden", "ziel": "zu weit vom Bach", "andock": "zu weit", "vergleich": "nicht verfolgt" }, "geometry": { "type": "Point", "coordinates": [ 2679137, 1236426 ] } },
{ "type": "Feature", "properties": { "flurname": "Kubismatt", "ziel": "Limmat", "andock": "Gelände", "vergleich": "stimmt" }, "geometry": { "type": "Point", "coordinates": [ 2678792, 1239381 ] } },
{ "type": "Feature", "properties": { "flurname": "Allmend", "ziel": "Nachbarkanton", "andock": "Gelände", "vergleich": "EZG ohne Namen" }, "geometry": { "type": "Point", "coordinates": [ 2678411, 1238992 ] } },
{ "type": "Feature", "properties": { "flurname": "Müliberg", "ziel": "Limmat", "andock": "Gelände", "vergleich": "stimmt" }, "geometry": { "type": "Point", "coordinates": [ 2678919, 1239266 ] } },
{ "type": "Feature", "properties": { "flurname": "Allmend", "ziel": "Nachbarkanton", "andock": "nächster, unsicher", "vergleich": "EZG ohne Namen" }, "geometry": { "type": "Point", "coordinates": [ 2678499, 1239930 ] } },
{ "type": "Feature", "properties": { "flurname": "Müliberg", "ziel": "Limmat", "andock": "Gelände", "vergleich": "stimmt" }, "geometry": { "type": "Point", "coordinates": [ 2678950, 1239248 ] } },
{ "type": "Feature", "properties": { "flurname": "Sarbental", "ziel": "Limmat", "andock": "Gelände", "vergleich": "stimmt" }, "geometry": { "type": "Point", "coordinates": [ 2680594, 1244044 ] } },
{ "type": "Feature", "properties": { "flurname": "Sädlen", "ziel": "Limmat", "andock": "Gelände", "vergleich": "EZG ohne Namen" }, "geometry": { "type": "Point", "coordinates": [ 2679124, 1246674 ] } },
{ "type": "Feature", "properties": { "flurname": "Rainacher", "ziel": "Limmat", "andock": "Gelände", "vergleich": "EZG ohne Namen" }, "geometry": { "type": "Point", "coordinates": [ 2680638, 1242186 ] } },
{ "type": "Feature", "properties": { "flurname": "Chüeacher", "ziel": "Limmat", "andock": "Gelände", "vergleich": "EZG ohne Namen" }, "geometry": { "type": "Point", "coordinates": [ 2680911, 1241768 ] } },
{ "type": "Feature", "properties": { "flurname": "Schürliberg", "ziel": "Limmat", "andock": "Gelände", "vergleich": "stimmt" }, "geometry": { "type": "Point", "coordinates": [ 2680958, 1242754 ] } },
{ "type": "Feature", "properties": { "flurname": "Ankenweid", "ziel": "Limmat", "andock": "Gelände", "vergleich": "stimmt" }, "geometry": { "type": "Point", "coordinates": [ 2681140, 1243209 ] } },
{ "type": "Feature", "properties": { "flurname": "Risberg", "ziel": "Limmat", "andock": "Gelände", "vergleich": "stimmt" }, "geometry": { "type": "Point", "coordinates": [ 2680457, 1241649 ] } },
{ "type": "Feature", "properties": { "flurname": "Höcklerbach", "ziel": "Limmat", "andock": "Gelände", "vergleich": "stimmt" }, "geometry": { "type": "Point", "coordinates": [ 2680684, 1243631 ] } },
{ "type": "Feature", "properties": { "flurname": "Staatswald", "ziel": "Rhein", "andock": "Gelände", "vergleich": "stimmt" }, "geometry": { "type": "Point", "coordinates": [ 2686700, 1248070 ] } },
{ "type": "Feature", "properties": { "flurname": "In der Weid/Rigihöger", "ziel": "Nachbarkanton", "andock": "Gelände", "vergleich": "EZG ohne Namen" }, "geometry": { "type": "Point", "coordinates": [ 2673770, 1258182 ] } },
{ "type": "Feature", "properties": { "flurname": "Risihäuli", "ziel": "Nachbarkanton", "andock": "Gelände", "vergleich": "EZG ohne Namen" }, "geometry": { "type": "Point", "coordinates": [ 2674113, 1258285 ] } },
{ "type": "Feature", "properties": { "flurname": "Risihäuli", "ziel": "Nachbarkanton", "andock": "Gelände", "vergleich": "EZG ohne Namen" }, "geometry": { "type": "Point", "coordinates": [ 2674043, 1258176 ] } },
{ "type": "Feature", "properties": { "flurname": "Risi", "ziel": "Nachbarkanton", "andock": "Gelände", "vergleich": "EZG ohne Namen" }, "geometry": { "type": "Point", "coordinates": [ 2674032, 1258327 ] } },
{ "type": "Feature", "properties": { "flurname": "Risi", "ziel": "Nachbarkanton", "andock": "Gelände", "vergleich": "EZG ohne Namen" }, "geometry": { "type": "Point", "coordinates": [ 2674072, 1258306 ] } },
{ "type": "Feature", "properties": { "flurname": "am Unteren Fischbachweg", "ziel": "Rhein", "andock": "Gelände", "vergleich": "stimmt" }, "geometry": { "type": "Point", "coordinates": [ 2707121, 1240050 ] } },
{ "type": "Feature", "properties": { "flurname": "Chüeweid", "ziel": "Rhein", "andock": "Gelände", "vergleich": "stimmt" }, "geometry": { "type": "Point", "coordinates": [ 2708646, 1241025 ] } },
{ "type": "Feature", "properties": { "flurname": "unterhalb Allmen", "ziel": "Rhein", "andock": "Gelände", "vergleich": "stimmt" }, "geometry": { "type": "Point", "coordinates": [ 2709516, 1241155 ] } },
{ "type": "Feature", "properties": { "flurname": "Grauenstein", "ziel": "Nachbarkanton", "andock": "Gelände", "vergleich": "stimmt" }, "geometry": { "type": "Point", "coordinates": [ 2709176, 1239665 ] } },
{ "type": "Feature", "properties": { "flurname": "Farnboden", "ziel": "Rhein", "andock": "Gelände", "vergleich": "stimmt" }, "geometry": { "type": "Point", "coordinates": [ 2708896, 1241375 ] } },
{ "type": "Feature", "properties": { "flurname": "Oberbernegg", "ziel": "Rhein", "andock": "Gelände", "vergleich": "stimmt" }, "geometry": { "type": "Point", "coordinates": [ 2707941, 1240475 ] } },
{ "type": "Feature", "properties": { "flurname": "Chilenwis", "ziel": "kein Anschluss", "andock": "Gelände", "vergleich": "nicht verfolgt" }, "geometry": { "type": "Point", "coordinates": [ 2707396, 1240950 ] } },
{ "type": "Feature", "properties": { "flurname": "Unterbernegg", "ziel": "Rhein", "andock": "Gelände", "vergleich": "stimmt" }, "geometry": { "type": "Point", "coordinates": [ 2707511, 1240320 ] } },
{ "type": "Feature", "properties": { "flurname": "Vorderbernegg", "ziel": "Rhein", "andock": "Gelände", "vergleich": "stimmt" }, "geometry": { "type": "Point", "coordinates": [ 2707821, 1240080 ] } },
{ "type": "Feature", "properties": { "flurname": "Grund", "ziel": "Rhein", "andock": "Gelände", "vergleich": "stimmt" }, "geometry": { "type": "Point", "coordinates": [ 2708426, 1239910 ] } },
{ "type": "Feature", "properties": { "flurname": "Chilenhölzli", "ziel": "Rhein", "andock": "Gelände", "vergleich": "stimmt" }, "geometry": { "type": "Point", "coordinates": [ 2706781, 1240460 ] } },
{ "type": "Feature", "properties": { "flurname": "Guschbach", "ziel": "Rhein", "andock": "Gelände", "vergleich": "EZG ohne Namen" }, "geometry": { "type": "Point", "coordinates": [ 2696125, 1236131 ] } },
{ "type": "Feature", "properties": { "flurname": "Guschbach", "ziel": "Rhein", "andock": "Gelände", "vergleich": "EZG ohne Namen" }, "geometry": { "type": "Point", "coordinates": [ 2696206, 1236143 ] } },
{ "type": "Feature", "properties": { "flurname": "Vollikerbach", "ziel": "Rhein", "andock": "Gelände", "vergleich": "stimmt" }, "geometry": { "type": "Point", "coordinates": [ 2694808, 1237077 ] } },
{ "type": "Feature", "properties": { "flurname": "Usservollikerbach", "ziel": "Rhein", "andock": "Gelände", "vergleich": "stimmt" }, "geometry": { "type": "Point", "coordinates": [ 2694771, 1237459 ] } },
{ "type": "Feature", "properties": { "flurname": "Neuguetbach", "ziel": "Rhein", "andock": "Gelände", "vergleich": "EZG ohne Namen" }, "geometry": { "type": "Point", "coordinates": [ 2696178, 1236643 ] } },
{ "type": "Feature", "properties": { "flurname": "Chrüzlerholzbächli", "ziel": "Rhein", "andock": "Gelände", "vergleich": "EZG ohne Namen" }, "geometry": { "type": "Point", "coordinates": [ 2696093, 1236762 ] } },
{ "type": "Feature", "properties": { "flurname": "Höckler", "ziel": "Limmat", "andock": "Gelände", "vergleich": "stimmt" }, "geometry": { "type": "Point", "coordinates": [ 2680558, 1243832 ] } },
{ "type": "Feature", "properties": { "flurname": "Medikerboden", "ziel": "Limmat", "andock": "Gelände", "vergleich": "stimmt" }, "geometry": { "type": "Point", "coordinates": [ 2680377, 1243909 ] } },
{ "type": "Feature", "properties": { "flurname": "Eschenberg", "ziel": "kein Anschluss", "andock": "Gelände", "vergleich": "nicht verfolgt" }, "geometry": { "type": "Point", "coordinates": [ 2697662, 1259485 ] } },
{ "type": "Feature", "properties": { "flurname": "Sunnenloo", "ziel": "kein Anschluss", "andock": "Gelände", "vergleich": "nicht verfolgt" }, "geometry": { "type": "Point", "coordinates": [ 2695400, 1245760 ] } },
{ "type": "Feature", "properties": { "flurname": "Werriker Ried", "ziel": "Rhein", "andock": "Gelände", "vergleich": "stimmt" }, "geometry": { "type": "Point", "coordinates": [ 2695860, 1246674 ] } },
{ "type": "Feature", "properties": { "flurname": "Horchrüti", "ziel": "Nachbarkanton", "andock": "Gelände", "vergleich": "stimmt" }, "geometry": { "type": "Point", "coordinates": [ 2674321, 1254420 ] } },
{ "type": "Feature", "properties": { "flurname": "Brandholzstrasse", "ziel": "Rhein", "andock": "Gelände", "vergleich": "EZG ohne Namen" }, "geometry": { "type": "Point", "coordinates": [ 2685893, 1249727 ] } },
{ "type": "Feature", "properties": { "flurname": "Brandholzstrasse", "ziel": "Rhein", "andock": "nächster, unsicher", "vergleich": "EZG ohne Namen" }, "geometry": { "type": "Point", "coordinates": [ 2685829, 1249662 ] } },
{ "type": "Feature", "properties": { "flurname": "Brandholzstrasse 2", "ziel": "Rhein", "andock": "nächster, unsicher", "vergleich": "EZG ohne Namen" }, "geometry": { "type": "Point", "coordinates": [ 2685812, 1249682 ] } },
{ "type": "Feature", "properties": { "flurname": "Brandholz", "ziel": "Rhein", "andock": "Gelände", "vergleich": "stimmt" }, "geometry": { "type": "Point", "coordinates": [ 2697645, 1239319 ] } },
{ "type": "Feature", "properties": { "flurname": "Schumbel", "ziel": "Limmat", "andock": "Gelände", "vergleich": "stimmt" }, "geometry": { "type": "Point", "coordinates": [ 2693418, 1237234 ] } },
{ "type": "Feature", "properties": { "flurname": "Sack", "ziel": "Rhein", "andock": "Gelände", "vergleich": "stimmt" }, "geometry": { "type": "Point", "coordinates": [ 2691409, 1243558 ] } },
{ "type": "Feature", "properties": { "flurname": "Sack", "ziel": "Rhein", "andock": "Gelände", "vergleich": "stimmt" }, "geometry": { "type": "Point", "coordinates": [ 2691260, 1243698 ] } },
{ "type": "Feature", "properties": { "flurname": "Forenwis", "ziel": "Rhein", "andock": "Gelände", "vergleich": "stimmt" }, "geometry": { "type": "Point", "coordinates": [ 2691207, 1243787 ] } },
{ "type": "Feature", "properties": { "flurname": "Forenwis", "ziel": "Rhein", "andock": "Gelände", "vergleich": "stimmt" }, "geometry": { "type": "Point", "coordinates": [ 2691012, 1243786 ] } },
{ "type": "Feature", "properties": { "flurname": "Wassberg /Wassbergholz", "ziel": "Limmat", "andock": "Gelände", "vergleich": "stimmt" }, "geometry": { "type": "Point", "coordinates": [ 2690750, 1243854 ] } },
{ "type": "Feature", "properties": { "flurname": "Wassbergwies", "ziel": "Limmat", "andock": "Gelände", "vergleich": "stimmt" }, "geometry": { "type": "Point", "coordinates": [ 2690855, 1243440 ] } },
{ "type": "Feature", "properties": { "flurname": "Medikerboden", "ziel": "Limmat", "andock": "Gelände", "vergleich": "stimmt" }, "geometry": { "type": "Point", "coordinates": [ 2680466, 1243973 ] } },
{ "type": "Feature", "properties": { "flurname": "Walenbrunnenbach", "ziel": "Limmat", "andock": "Gelände", "vergleich": "stimmt" }, "geometry": { "type": "Point", "coordinates": [ 2685718, 1232124 ] } },
{ "type": "Feature", "properties": { "flurname": "Medikerboden", "ziel": "Limmat", "andock": "Gelände", "vergleich": "stimmt" }, "geometry": { "type": "Point", "coordinates": [ 2680340, 1243957 ] } },
{ "type": "Feature", "properties": { "flurname": "Sarbental", "ziel": "Limmat", "andock": "Gelände", "vergleich": "stimmt" }, "geometry": { "type": "Point", "coordinates": [ 2680630, 1244216 ] } },
{ "type": "Feature", "properties": { "flurname": "Höckler", "ziel": "Limmat", "andock": "Gelände", "vergleich": "stimmt" }, "geometry": { "type": "Point", "coordinates": [ 2680791, 1243958 ] } },
{ "type": "Feature", "properties": { "flurname": "Sarbental", "ziel": "Limmat", "andock": "Gelände", "vergleich": "stimmt" }, "geometry": { "type": "Point", "coordinates": [ 2680437, 1244089 ] } },
{ "type": "Feature", "properties": { "flurname": "Hinterer Lätten", "ziel": "Rhein", "andock": "Gelände", "vergleich": "stimmt" }, "geometry": { "type": "Point", "coordinates": [ 2687671, 1248164 ] } },
{ "type": "Feature", "properties": { "flurname": "Ankenweid", "ziel": "Limmat", "andock": "Gelände", "vergleich": "stimmt" }, "geometry": { "type": "Point", "coordinates": [ 2681253, 1243247 ] } },
{ "type": "Feature", "properties": { "flurname": "Vogelsang", "ziel": "Rhein", "andock": "Gelände", "vergleich": "stimmt" }, "geometry": { "type": "Point", "coordinates": [ 2696796, 1260522 ] } },
{ "type": "Feature", "properties": { "flurname": "Herrgottbüeli", "ziel": "Rhein", "andock": "Gelände", "vergleich": "stimmt" }, "geometry": { "type": "Point", "coordinates": [ 2697349, 1259975 ] } },
{ "type": "Feature", "properties": { "flurname": "Stegli", "ziel": "Rhein", "andock": "Gelände", "vergleich": "stimmt" }, "geometry": { "type": "Point", "coordinates": [ 2697609, 1260293 ] } },
{ "type": "Feature", "properties": { "flurname": "Wolfgrueb", "ziel": "Limmat", "andock": "Gelände", "vergleich": "EZG ohne Namen" }, "geometry": { "type": "Point", "coordinates": [ 2674814, 1243231 ] } },
{ "type": "Feature", "properties": { "flurname": "Chüestelli", "ziel": "Nachbarkanton", "andock": "Gelände", "vergleich": "abweichend" }, "geometry": { "type": "Point", "coordinates": [ 2673941, 1242310 ] } },
{ "type": "Feature", "properties": { "flurname": "Massholderen", "ziel": "Rhein", "andock": "Gelände", "vergleich": "stimmt" }, "geometry": { "type": "Point", "coordinates": [ 2698442, 1238929 ] } },
{ "type": "Feature", "properties": { "flurname": "Sohaldebächli", "ziel": "Rhein", "andock": "Gelände", "vergleich": "stimmt" }, "geometry": { "type": "Point", "coordinates": [ 2698231, 1238794 ] } },
{ "type": "Feature", "properties": { "flurname": "Leerütibächli", "ziel": "Rhein", "andock": "Gelände", "vergleich": "stimmt" }, "geometry": { "type": "Point", "coordinates": [ 2698122, 1239133 ] } },
{ "type": "Feature", "properties": { "flurname": "Brandholzbächli", "ziel": "Rhein", "andock": "Gelände", "vergleich": "stimmt" }, "geometry": { "type": "Point", "coordinates": [ 2697693, 1239279 ] } },
{ "type": "Feature", "properties": { "flurname": "Brandbach", "ziel": "Rhein", "andock": "Gelände", "vergleich": "stimmt" }, "geometry": { "type": "Point", "coordinates": [ 2697901, 1239302 ] } },
{ "type": "Feature", "properties": { "flurname": "Giessbüel", "ziel": "kein Anschluss", "andock": "Gelände", "vergleich": "nicht verfolgt" }, "geometry": { "type": "Point", "coordinates": [ 2689244, 1256799 ] } },
{ "type": "Feature", "properties": { "flurname": "Schuelweid", "ziel": "Limmat", "andock": "Gelände", "vergleich": "stimmt" }, "geometry": { "type": "Point", "coordinates": [ 2679489, 1237195 ] } },
{ "type": "Feature", "properties": { "flurname": "Götschiweid", "ziel": "Limmat", "andock": "Gelände", "vergleich": "stimmt" }, "geometry": { "type": "Point", "coordinates": [ 2679593, 1237051 ] } },
{ "type": "Feature", "properties": { "flurname": "Bausegg", "ziel": "Limmat", "andock": "Gelände", "vergleich": "stimmt" }, "geometry": { "type": "Point", "coordinates": [ 2679038, 1237095 ] } },
{ "type": "Feature", "properties": { "flurname": "Müliberg", "ziel": "Limmat", "andock": "Gelände", "vergleich": "stimmt" }, "geometry": { "type": "Point", "coordinates": [ 2678798, 1237298 ] } },
{ "type": "Feature", "properties": { "flurname": "Choller", "ziel": "Limmat", "andock": "Gelände", "vergleich": "stimmt" }, "geometry": { "type": "Point", "coordinates": [ 2678688, 1238493 ] } },
{ "type": "Feature", "properties": { "flurname": "Setziweiden", "ziel": "Limmat", "andock": "Gelände", "vergleich": "stimmt" }, "geometry": { "type": "Point", "coordinates": [ 2679283, 1236649 ] } },
{ "type": "Feature", "properties": { "flurname": "Setziweiden", "ziel": "Limmat", "andock": "Gelände", "vergleich": "stimmt" }, "geometry": { "type": "Point", "coordinates": [ 2679390, 1236847 ] } },
{ "type": "Feature", "properties": { "flurname": "Bausegg", "ziel": "Limmat", "andock": "Gelände", "vergleich": "stimmt" }, "geometry": { "type": "Point", "coordinates": [ 2679103, 1237182 ] } },
{ "type": "Feature", "properties": { "flurname": "Buechenrain", "ziel": "Rhein", "andock": "Gelände", "vergleich": "stimmt" }, "geometry": { "type": "Point", "coordinates": [ 2687047, 1247415 ] } },
{ "type": "Feature", "properties": { "flurname": "Dolder", "ziel": "Limmat", "andock": "Gelände", "vergleich": "EZG ohne Namen" }, "geometry": { "type": "Point", "coordinates": [ 2685765, 1247875 ] } },
{ "type": "Feature", "properties": { "flurname": "Dolder", "ziel": "Limmat", "andock": "Gelände", "vergleich": "EZG ohne Namen" }, "geometry": { "type": "Point", "coordinates": [ 2685251, 1247867 ] } },
{ "type": "Feature", "properties": { "flurname": "Dreiwiesen/Grüt", "ziel": "Limmat", "andock": "Gelände", "vergleich": "EZG ohne Namen" }, "geometry": { "type": "Point", "coordinates": [ 2686060, 1248075 ] } },
{ "type": "Feature", "properties": { "flurname": "Forrenweid", "ziel": "Rhein", "andock": "Gelände", "vergleich": "stimmt" }, "geometry": { "type": "Point", "coordinates": [ 2686145, 1248779 ] } },
{ "type": "Feature", "properties": { "flurname": "Forrenweid", "ziel": "Rhein", "andock": "Gelände", "vergleich": "stimmt" }, "geometry": { "type": "Point", "coordinates": [ 2685945, 1248484 ] } },
{ "type": "Feature", "properties": { "flurname": "Staatswald", "ziel": "Rhein", "andock": "Gelände", "vergleich": "stimmt" }, "geometry": { "type": "Point", "coordinates": [ 2686939, 1248100 ] } },
{ "type": "Feature", "properties": { "flurname": "Dreiwisen", "ziel": "Rhein", "andock": "Gelände", "vergleich": "stimmt" }, "geometry": { "type": "Point", "coordinates": [ 2686337, 1248049 ] } },
{ "type": "Feature", "properties": { "flurname": "Rütiwald", "ziel": "Nachbarkanton", "andock": "Gelände", "vergleich": "EZG ohne Namen" }, "geometry": { "type": "Point", "coordinates": [ 2705145, 1234538 ] } },
{ "type": "Feature", "properties": { "flurname": "Rütiwald", "ziel": "Nachbarkanton", "andock": "Gelände", "vergleich": "EZG ohne Namen" }, "geometry": { "type": "Point", "coordinates": [ 2705776, 1234941 ] } },
{ "type": "Feature", "properties": { "flurname": "Rütiwald", "ziel": "Nachbarkanton", "andock": "Gelände", "vergleich": "EZG ohne Namen" }, "geometry": { "type": "Point", "coordinates": [ 2705766, 1235056 ] } },
{ "type": "Feature", "properties": { "flurname": "Rütiwald", "ziel": "kein Anschluss", "andock": "Gelände", "vergleich": "nicht verfolgt" }, "geometry": { "type": "Point", "coordinates": [ 2705110, 1234649 ] } },
{ "type": "Feature", "properties": { "flurname": "Rütiwald", "ziel": "Nachbarkanton", "andock": "Gelände", "vergleich": "EZG ohne Namen" }, "geometry": { "type": "Point", "coordinates": [ 2705382, 1235027 ] } },
{ "type": "Feature", "properties": { "flurname": "Rütiwald", "ziel": "Nachbarkanton", "andock": "Gelände", "vergleich": "EZG ohne Namen" }, "geometry": { "type": "Point", "coordinates": [ 2705349, 1235009 ] } },
{ "type": "Feature", "properties": { "flurname": "Rütiwald", "ziel": "Nachbarkanton", "andock": "Gelände", "vergleich": "EZG ohne Namen" }, "geometry": { "type": "Point", "coordinates": [ 2705819, 1235182 ] } },
{ "type": "Feature", "properties": { "flurname": "Lochholz", "ziel": "Limmat", "andock": "Gelände", "vergleich": "stimmt" }, "geometry": { "type": "Point", "coordinates": [ 2677440, 1251995 ] } },
{ "type": "Feature", "properties": { "flurname": "Moos", "ziel": "zu weit vom Bach", "andock": "zu weit", "vergleich": "nicht verfolgt" }, "geometry": { "type": "Point", "coordinates": [ 2676767, 1252620 ] } },
{ "type": "Feature", "properties": { "flurname": "Lättenhau", "ziel": "kein Anschluss", "andock": "Gelände", "vergleich": "nicht verfolgt" }, "geometry": { "type": "Point", "coordinates": [ 2678191, 1253013 ] } },
{ "type": "Feature", "properties": { "flurname": "Weidgang", "ziel": "Nachbarkanton", "andock": "Gelände", "vergleich": "EZG ohne Namen" }, "geometry": { "type": "Point", "coordinates": [ 2676561, 1253322 ] } },
{ "type": "Feature", "properties": { "flurname": "Rüti", "ziel": "Nachbarkanton", "andock": "Gelände", "vergleich": "EZG ohne Namen" }, "geometry": { "type": "Point", "coordinates": [ 2677414, 1253244 ] } },
{ "type": "Feature", "properties": { "flurname": "Schürmatt", "ziel": "Limmat", "andock": "Gelände", "vergleich": "stimmt" }, "geometry": { "type": "Point", "coordinates": [ 2677397, 1252017 ] } },
{ "type": "Feature", "properties": { "flurname": "Moos", "ziel": "Nachbarkanton", "andock": "Gelände", "vergleich": "stimmt" }, "geometry": { "type": "Point", "coordinates": [ 2674291, 1254575 ] } },
{ "type": "Feature", "properties": { "flurname": "Rüti", "ziel": "Nachbarkanton", "andock": "Gelände", "vergleich": "stimmt" }, "geometry": { "type": "Point", "coordinates": [ 2674456, 1254521 ] } },
{ "type": "Feature", "properties": { "flurname": "Rueti", "ziel": "Nachbarkanton", "andock": "Gelände", "vergleich": "stimmt" }, "geometry": { "type": "Point", "coordinates": [ 2674645, 1254540 ] } },
{ "type": "Feature", "properties": { "flurname": "Rueti", "ziel": "Nachbarkanton", "andock": "Gelände", "vergleich": "stimmt" }, "geometry": { "type": "Point", "coordinates": [ 2674635, 1254487 ] } },
{ "type": "Feature", "properties": { "flurname": "Moos", "ziel": "Nachbarkanton", "andock": "Gelände", "vergleich": "stimmt" }, "geometry": { "type": "Point", "coordinates": [ 2674261, 1254585 ] } },
{ "type": "Feature", "properties": { "flurname": "Sihlzopf", "ziel": "Limmat", "andock": "Gelände", "vergleich": "stimmt" }, "geometry": { "type": "Point", "coordinates": [ 2686377, 1230749 ] } },
{ "type": "Feature", "properties": { "flurname": "Rohreggbach", "ziel": "Limmat", "andock": "Gelände", "vergleich": "stimmt" }, "geometry": { "type": "Point", "coordinates": [ 2686138, 1231240 ] } },
{ "type": "Feature", "properties": { "flurname": "Sandbach, nördlicher Zweig", "ziel": "Limmat", "andock": "Gelände", "vergleich": "stimmt" }, "geometry": { "type": "Point", "coordinates": [ 2685941, 1231389 ] } },
{ "type": "Feature", "properties": { "flurname": "Unterer Rohreggbach_sued", "ziel": "Limmat", "andock": "Gelände", "vergleich": "stimmt" }, "geometry": { "type": "Point", "coordinates": [ 2685735, 1231378 ] } },
{ "type": "Feature", "properties": { "flurname": "Vorder Eschentobelbach", "ziel": "Limmat", "andock": "Gelände", "vergleich": "stimmt" }, "geometry": { "type": "Point", "coordinates": [ 2685645, 1231841 ] } },
{ "type": "Feature", "properties": { "flurname": "Untere Rohregg", "ziel": "Limmat", "andock": "Gelände", "vergleich": "stimmt" }, "geometry": { "type": "Point", "coordinates": [ 2685837, 1231545 ] } },
{ "type": "Feature", "properties": { "flurname": "Oberer Steinmattbach", "ziel": "Limmat", "andock": "Gelände", "vergleich": "stimmt" }, "geometry": { "type": "Point", "coordinates": [ 2686312, 1232148 ] } },
{ "type": "Feature", "properties": { "flurname": "Unterer Steinmattbach", "ziel": "Limmat", "andock": "Gelände", "vergleich": "stimmt" }, "geometry": { "type": "Point", "coordinates": [ 2686647, 1232265 ] } },
{ "type": "Feature", "properties": { "flurname": "Unterer Steinmattbach, nord", "ziel": "Limmat", "andock": "Gelände", "vergleich": "stimmt" }, "geometry": { "type": "Point", "coordinates": [ 2686649, 1232349 ] } },
{ "type": "Feature", "properties": { "flurname": "Cheibenhölzlibächli", "ziel": "Rhein", "andock": "Gelände", "vergleich": "EZG ohne Namen" }, "geometry": { "type": "Point", "coordinates": [ 2696229, 1236231 ] } },
{ "type": "Feature", "properties": { "flurname": "Eggweid", "ziel": "Rhein", "andock": "Gelände", "vergleich": "stimmt" }, "geometry": { "type": "Point", "coordinates": [ 2709101, 1240400 ] } },
{ "type": "Feature", "properties": { "flurname": "Zinggenbüel", "ziel": "kein Anschluss", "andock": "Gelände", "vergleich": "nicht verfolgt" }, "geometry": { "type": "Point", "coordinates": [ 2707346, 1241065 ] } },
{ "type": "Feature", "properties": { "flurname": "Grund", "ziel": "Rhein", "andock": "Gelände", "vergleich": "stimmt" }, "geometry": { "type": "Point", "coordinates": [ 2708391, 1239985 ] } },
{ "type": "Feature", "properties": { "flurname": "Holzwisen", "ziel": "kein Anschluss", "andock": "Gelände", "vergleich": "nicht verfolgt" }, "geometry": { "type": "Point", "coordinates": [ 2707286, 1240825 ] } },
{ "type": "Feature", "properties": { "flurname": "Ende Unterer Fischbachweg", "ziel": "Rhein", "andock": "Gelände", "vergleich": "stimmt" }, "geometry": { "type": "Point", "coordinates": [ 2707261, 1240025 ] } },
{ "type": "Feature", "properties": { "flurname": "Tüelen", "ziel": "Rhein", "andock": "Gelände", "vergleich": "stimmt" }, "geometry": { "type": "Point", "coordinates": [ 2706242, 1249911 ] } },
{ "type": "Feature", "properties": { "flurname": "unterhalb Allmen", "ziel": "Rhein", "andock": "Gelände", "vergleich": "stimmt" }, "geometry": { "type": "Point", "coordinates": [ 2709511, 1241335 ] } },
{ "type": "Feature", "properties": { "flurname": "am Unteren Fischbachweg", "ziel": "Rhein", "andock": "Gelände", "vergleich": "stimmt" }, "geometry": { "type": "Point", "coordinates": [ 2707126, 1240075 ] } },
{ "type": "Feature", "properties": { "flurname": "Chilchriet", "ziel": "Rhein", "andock": "Gelände", "vergleich": "stimmt" }, "geometry": { "type": "Point", "coordinates": [ 2708526, 1240200 ] } },
{ "type": "Feature", "properties": { "flurname": "am Cholgruebweg", "ziel": "Rhein", "andock": "Gelände", "vergleich": "stimmt" }, "geometry": { "type": "Point", "coordinates": [ 2709511, 1240940 ] } },
{ "type": "Feature", "properties": { "flurname": "unterhalb Hörnliweid", "ziel": "Rhein", "andock": "Gelände", "vergleich": "stimmt" }, "geometry": { "type": "Point", "coordinates": [ 2709511, 1240940 ] } },
{ "type": "Feature", "properties": { "flurname": "Chällerholz", "ziel": "Rhein", "andock": "Gelände", "vergleich": "stimmt" }, "geometry": { "type": "Point", "coordinates": [ 2709516, 1240185 ] } },
{ "type": "Feature", "properties": { "flurname": "Mösli", "ziel": "Limmat", "andock": "Gelände", "vergleich": "stimmt" }, "geometry": { "type": "Point", "coordinates": [ 2690719, 1243407 ] } },
{ "type": "Feature", "properties": { "flurname": "Chilenrain", "ziel": "Rhein", "andock": "Gelände", "vergleich": "stimmt" }, "geometry": { "type": "Point", "coordinates": [ 2706004, 1241314 ] } },
{ "type": "Feature", "properties": { "flurname": "Bergrain", "ziel": "Rhein", "andock": "Gelände", "vergleich": "stimmt" }, "geometry": { "type": "Point", "coordinates": [ 2706130, 1240677 ] } },
{ "type": "Feature", "properties": { "flurname": "Bergrain", "ziel": "Rhein", "andock": "Gelände", "vergleich": "stimmt" }, "geometry": { "type": "Point", "coordinates": [ 2706208, 1240648 ] } },
{ "type": "Feature", "properties": { "flurname": "Bleiki", "ziel": "kein Anschluss", "andock": "Gelände", "vergleich": "nicht verfolgt" }, "geometry": { "type": "Point", "coordinates": [ 2674632, 1254084 ] } },
{ "type": "Feature", "properties": { "flurname": "Tal", "ziel": "Rhein", "andock": "Gelände", "vergleich": "stimmt" }, "geometry": { "type": "Point", "coordinates": [ 2706609, 1241735 ] } },
{ "type": "Feature", "properties": { "flurname": "Bernetswinkel", "ziel": "Rhein", "andock": "Gelände", "vergleich": "stimmt" }, "geometry": { "type": "Point", "coordinates": [ 2706089, 1240978 ] } },
{ "type": "Feature", "properties": { "flurname": "Bueholz", "ziel": "Rhein", "andock": "Gelände", "vergleich": "stimmt" }, "geometry": { "type": "Point", "coordinates": [ 2706363, 1241739 ] } },
{ "type": "Feature", "properties": { "flurname": "Obere Höhe", "ziel": "kein Anschluss", "andock": "Gelände", "vergleich": "nicht verfolgt" }, "geometry": { "type": "Point", "coordinates": [ 2706856, 1241148 ] } },
{ "type": "Feature", "properties": { "flurname": "Tüelen", "ziel": "Rhein", "andock": "Gelände", "vergleich": "stimmt" }, "geometry": { "type": "Point", "coordinates": [ 2706774, 1241905 ] } },
{ "type": "Feature", "properties": { "flurname": "Weierholz", "ziel": "Rhein", "andock": "Gelände", "vergleich": "stimmt" }, "geometry": { "type": "Point", "coordinates": [ 2686816, 1247358 ] } },
{ "type": "Feature", "properties": { "flurname": "Buechenrain", "ziel": "Rhein", "andock": "Gelände", "vergleich": "stimmt" }, "geometry": { "type": "Point", "coordinates": [ 2687197, 1247544 ] } },
{ "type": "Feature", "properties": { "flurname": "Buechenrain", "ziel": "Rhein", "andock": "Gelände", "vergleich": "stimmt" }, "geometry": { "type": "Point", "coordinates": [ 2687176, 1247612 ] } },
{ "type": "Feature", "properties": { "flurname": "Buechenrain", "ziel": "Rhein", "andock": "Gelände", "vergleich": "stimmt" }, "geometry": { "type": "Point", "coordinates": [ 2687029, 1247460 ] } },
{ "type": "Feature", "properties": { "flurname": "Forrenweid", "ziel": "Rhein", "andock": "Gelände", "vergleich": "stimmt" }, "geometry": { "type": "Point", "coordinates": [ 2685826, 1248356 ] } },
{ "type": "Feature", "properties": { "flurname": "Obermoos", "ziel": "Limmat", "andock": "Gelände", "vergleich": "stimmt" }, "geometry": { "type": "Point", "coordinates": [ 2674060, 1243289 ] } },
{ "type": "Feature", "properties": { "flurname": "Ottenholzhau", "ziel": "Nachbarkanton", "andock": "Gelände", "vergleich": "stimmt" }, "geometry": { "type": "Point", "coordinates": [ 2675367, 1240633 ] } },
{ "type": "Feature", "properties": { "flurname": "Sol", "ziel": "Nachbarkanton", "andock": "Gelände", "vergleich": "stimmt" }, "geometry": { "type": "Point", "coordinates": [ 2675522, 1240915 ] } },
{ "type": "Feature", "properties": { "flurname": "Holenberghau", "ziel": "Nachbarkanton", "andock": "Gelände", "vergleich": "stimmt" }, "geometry": { "type": "Point", "coordinates": [ 2675141, 1240082 ] } },
{ "type": "Feature", "properties": { "flurname": "Hinderbleiki", "ziel": "kein Anschluss", "andock": "Gelände", "vergleich": "nicht verfolgt" }, "geometry": { "type": "Point", "coordinates": [ 2674291, 1254095 ] } },
{ "type": "Feature", "properties": { "flurname": "Unterhub", "ziel": "Limmat", "andock": "Gelände", "vergleich": "EZG ohne Namen" }, "geometry": { "type": "Point", "coordinates": [ 2678065, 1246522 ] } },
{ "type": "Feature", "properties": { "flurname": "Boll", "ziel": "Limmat", "andock": "Gelände", "vergleich": "stimmt" }, "geometry": { "type": "Point", "coordinates": [ 2674392, 1247818 ] } },
{ "type": "Feature", "properties": { "flurname": "Asp", "ziel": "Limmat", "andock": "Gelände", "vergleich": "stimmt" }, "geometry": { "type": "Point", "coordinates": [ 2675757, 1247703 ] } },
{ "type": "Feature", "properties": { "flurname": "Halden", "ziel": "Limmat", "andock": "Gelände", "vergleich": "stimmt" }, "geometry": { "type": "Point", "coordinates": [ 2678736, 1247183 ] } },
{ "type": "Feature", "properties": { "flurname": "Sack", "ziel": "Nachbarkanton", "andock": "Gelände", "vergleich": "stimmt" }, "geometry": { "type": "Point", "coordinates": [ 2680293, 1234361 ] } },
{ "type": "Feature", "properties": { "flurname": "Rieden", "ziel": "Nachbarkanton", "andock": "Gelände", "vergleich": "stimmt" }, "geometry": { "type": "Point", "coordinates": [ 2678413, 1236537 ] } },
{ "type": "Feature", "properties": { "flurname": "Wängifeld", "ziel": "Nachbarkanton", "andock": "Gelände", "vergleich": "stimmt" }, "geometry": { "type": "Point", "coordinates": [ 2678424, 1235151 ] } },
{ "type": "Feature", "properties": { "flurname": "Bisliker Weiher", "ziel": "Nachbarkanton", "andock": "nächster, unsicher", "vergleich": "stimmt" }, "geometry": { "type": "Point", "coordinates": [ 2677654, 1237521 ] } },
{ "type": "Feature", "properties": { "flurname": "Moos", "ziel": "Nachbarkanton", "andock": "Gelände", "vergleich": "EZG ohne Namen" }, "geometry": { "type": "Point", "coordinates": [ 2678260, 1237149 ] } },
{ "type": "Feature", "properties": { "flurname": "Sennweiderhau", "ziel": "Nachbarkanton", "andock": "Gelände", "vergleich": "EZG ohne Namen" }, "geometry": { "type": "Point", "coordinates": [ 2678131, 1238273 ] } },
{ "type": "Feature", "properties": { "flurname": "Oberholz", "ziel": "Nachbarkanton", "andock": "Gelände", "vergleich": "stimmt" }, "geometry": { "type": "Point", "coordinates": [ 2678382, 1236192 ] } },
{ "type": "Feature", "properties": { "flurname": "Totenmösli", "ziel": "Nachbarkanton", "andock": "Gelände", "vergleich": "stimmt" }, "geometry": { "type": "Point", "coordinates": [ 2678465, 1234263 ] } },
{ "type": "Feature", "properties": { "flurname": "Totenmösli", "ziel": "Nachbarkanton", "andock": "Gelände", "vergleich": "stimmt" }, "geometry": { "type": "Point", "coordinates": [ 2678468, 1234263 ] } },
{ "type": "Feature", "properties": { "flurname": "Totenmösli", "ziel": "Nachbarkanton", "andock": "Gelände", "vergleich": "stimmt" }, "geometry": { "type": "Point", "coordinates": [ 2678239, 1234304 ] } },
{ "type": "Feature", "properties": { "flurname": "Hirsleren", "ziel": "Nachbarkanton", "andock": "Gelände", "vergleich": "stimmt" }, "geometry": { "type": "Point", "coordinates": [ 2678877, 1234556 ] } },
{ "type": "Feature", "properties": { "flurname": "Hinter Murimoosbach", "ziel": "Limmat", "andock": "Gelände", "vergleich": "stimmt" }, "geometry": { "type": "Point", "coordinates": [ 2685869, 1234348 ] } },
{ "type": "Feature", "properties": { "flurname": "Murimoosbach Nord", "ziel": "Limmat", "andock": "Gelände", "vergleich": "stimmt" }, "geometry": { "type": "Point", "coordinates": [ 2685761, 1234422 ] } },
{ "type": "Feature", "properties": { "flurname": "Erlenmoosbach, nord", "ziel": "kein Anschluss", "andock": "Gelände", "vergleich": "nicht verfolgt" }, "geometry": { "type": "Point", "coordinates": [ 2685482, 1234975 ] } },
{ "type": "Feature", "properties": { "flurname": "Chanzlen", "ziel": "kein Anschluss", "andock": "Gelände", "vergleich": "nicht verfolgt" }, "geometry": { "type": "Point", "coordinates": [ 2675354, 1254060 ] } },
{ "type": "Feature", "properties": { "flurname": "Fraumünsterforstbach", "ziel": "Limmat", "andock": "Gelände", "vergleich": "stimmt" }, "geometry": { "type": "Point", "coordinates": [ 2685524, 1234582 ] } },
{ "type": "Feature", "properties": { "flurname": "Steinmattbach Nord", "ziel": "Limmat", "andock": "Gelände", "vergleich": "stimmt" }, "geometry": { "type": "Point", "coordinates": [ 2686650, 1232537 ] } },
{ "type": "Feature", "properties": { "flurname": "Steinmattbach Süd", "ziel": "Limmat", "andock": "Gelände", "vergleich": "stimmt" }, "geometry": { "type": "Point", "coordinates": [ 2686541, 1232543 ] } },
{ "type": "Feature", "properties": { "flurname": "Tabletenbach", "ziel": "Limmat", "andock": "Gelände", "vergleich": "stimmt" }, "geometry": { "type": "Point", "coordinates": [ 2685662, 1233553 ] } },
{ "type": "Feature", "properties": { "flurname": "Vorder Halden", "ziel": "Limmat", "andock": "Gelände", "vergleich": "stimmt" }, "geometry": { "type": "Point", "coordinates": [ 2685786, 1234027 ] } },
{ "type": "Feature", "properties": { "flurname": "Chrüzlenboden", "ziel": "Rhein", "andock": "Gelände", "vergleich": "stimmt" }, "geometry": { "type": "Point", "coordinates": [ 2695708, 1236336 ] } },
{ "type": "Feature", "properties": { "flurname": "Chrüzle", "ziel": "Rhein", "andock": "Gelände", "vergleich": "stimmt" }, "geometry": { "type": "Point", "coordinates": [ 2695569, 1236561 ] } },
{ "type": "Feature", "properties": { "flurname": "Winterhaldenbächli", "ziel": "Rhein", "andock": "Gelände", "vergleich": "EZG ohne Namen" }, "geometry": { "type": "Point", "coordinates": [ 2696287, 1236024 ] } },
{ "type": "Feature", "properties": { "flurname": "Guschhaldenbach", "ziel": "Rhein", "andock": "Gelände", "vergleich": "EZG ohne Namen" }, "geometry": { "type": "Point", "coordinates": [ 2696449, 1236151 ] } },
{ "type": "Feature", "properties": { "flurname": "Grossmatt", "ziel": "kein Anschluss", "andock": "Gelände", "vergleich": "nicht verfolgt" }, "geometry": { "type": "Point", "coordinates": [ 2676750, 1246305 ] } },
{ "type": "Feature", "properties": { "flurname": "Schiesser", "ziel": "Limmat", "andock": "Gelände", "vergleich": "EZG ohne Namen" }, "geometry": { "type": "Point", "coordinates": [ 2676453, 1242274 ] } },
{ "type": "Feature", "properties": { "flurname": "Grendel", "ziel": "Limmat", "andock": "Gelände", "vergleich": "EZG ohne Namen" }, "geometry": { "type": "Point", "coordinates": [ 2676778, 1242019 ] } },
{ "type": "Feature", "properties": { "flurname": "Gibel", "ziel": "Limmat", "andock": "Gelände", "vergleich": "EZG ohne Namen" }, "geometry": { "type": "Point", "coordinates": [ 2676575, 1241743 ] } },
{ "type": "Feature", "properties": { "flurname": "Chanzel", "ziel": "Limmat", "andock": "Gelände", "vergleich": "stimmt" }, "geometry": { "type": "Point", "coordinates": [ 2676609, 1243008 ] } },
{ "type": "Feature", "properties": { "flurname": "Asp", "ziel": "Limmat", "andock": "Gelände", "vergleich": "stimmt" }, "geometry": { "type": "Point", "coordinates": [ 2675880, 1247705 ] } },
{ "type": "Feature", "properties": { "flurname": "Asp", "ziel": "Limmat", "andock": "Gelände", "vergleich": "stimmt" }, "geometry": { "type": "Point", "coordinates": [ 2675835, 1247744 ] } },
{ "type": "Feature", "properties": { "flurname": "Vorderegg", "ziel": "Limmat", "andock": "Gelände", "vergleich": "stimmt" }, "geometry": { "type": "Point", "coordinates": [ 2674170, 1247065 ] } },
{ "type": "Feature", "properties": { "flurname": "Hegi", "ziel": "Limmat", "andock": "Gelände", "vergleich": "stimmt" }, "geometry": { "type": "Point", "coordinates": [ 2675548, 1248238 ] } },
{ "type": "Feature", "properties": { "flurname": "Eggspitz, Gummhalden", "ziel": "zu weit vom Bach", "andock": "zu weit", "vergleich": "nicht verfolgt" }, "geometry": { "type": "Point", "coordinates": [ 2674815, 1242561 ] } },
{ "type": "Feature", "properties": { "flurname": "Teuftlen", "ziel": "Limmat", "andock": "Gelände", "vergleich": "EZG ohne Namen" }, "geometry": { "type": "Point", "coordinates": [ 2675800, 1244109 ] } },
{ "type": "Feature", "properties": { "flurname": "Teuftlen", "ziel": "Limmat", "andock": "Gelände", "vergleich": "EZG ohne Namen" }, "geometry": { "type": "Point", "coordinates": [ 2675797, 1244110 ] } },
{ "type": "Feature", "properties": { "flurname": "Feltsch", "ziel": "Limmat", "andock": "Gelände", "vergleich": "EZG ohne Namen" }, "geometry": { "type": "Point", "coordinates": [ 2675829, 1242379 ] } },
{ "type": "Feature", "properties": { "flurname": "Holzplatzbächli", "ziel": "Rhein", "andock": "Gelände", "vergleich": "stimmt" }, "geometry": { "type": "Point", "coordinates": [ 2709311, 1241090 ] } },
{ "type": "Feature", "properties": { "flurname": "Steigenbüel/Schlossweid", "ziel": "kein Anschluss", "andock": "Gelände", "vergleich": "nicht verfolgt" }, "geometry": { "type": "Point", "coordinates": [ 2675835, 1233162 ] } },
{ "type": "Feature", "properties": { "flurname": "Unterneuhuserbach (Quelle bei Oberneuhus)", "ziel": "Rhein", "andock": "Gelände", "vergleich": "stimmt" }, "geometry": { "type": "Point", "coordinates": [ 2695638, 1237652 ] } },
{ "type": "Feature", "properties": { "flurname": "Ober Lee", "ziel": "Rhein", "andock": "Gelände", "vergleich": "stimmt" }, "geometry": { "type": "Point", "coordinates": [ 2685164, 1267790 ] } },
{ "type": "Feature", "properties": { "flurname": "Gmeindwald , Thalwil", "ziel": "Limmat", "andock": "Gelände", "vergleich": "stimmt" }, "geometry": { "type": "Point", "coordinates": [ 2684757, 1236428 ] } },
{ "type": "Feature", "properties": { "flurname": "Altbruggboden", "ziel": "Limmat", "andock": "Gelände", "vergleich": "stimmt" }, "geometry": { "type": "Point", "coordinates": [ 2685124, 1235789 ] } },
{ "type": "Feature", "properties": { "flurname": "Maurenmoos", "ziel": "Limmat", "andock": "Gelände", "vergleich": "stimmt" }, "geometry": { "type": "Point", "coordinates": [ 2686527, 1234409 ] } },
{ "type": "Feature", "properties": { "flurname": "Sesselrain", "ziel": "Limmat", "andock": "Gelände", "vergleich": "stimmt" }, "geometry": { "type": "Point", "coordinates": [ 2685804, 1235282 ] } },
{ "type": "Feature", "properties": { "flurname": "Stumpenhölzimoos", "ziel": "Limmat", "andock": "Gelände", "vergleich": "abweichend" }, "geometry": { "type": "Point", "coordinates": [ 2685667, 1235653 ] } },
{ "type": "Feature", "properties": { "flurname": "Chräbsacherli, Sihlwald", "ziel": "Limmat", "andock": "Gelände", "vergleich": "EZG ohne Namen" }, "geometry": { "type": "Point", "coordinates": [ 2683418, 1235329 ] } },
{ "type": "Feature", "properties": { "flurname": "Dettenriederwald", "ziel": "Rhein", "andock": "Gelände", "vergleich": "stimmt" }, "geometry": { "type": "Point", "coordinates": [ 2701200, 1256205 ] } },
{ "type": "Feature", "properties": { "flurname": "Dettenriederwald", "ziel": "kein Anschluss", "andock": "Gelände", "vergleich": "nicht verfolgt" }, "geometry": { "type": "Point", "coordinates": [ 2701224, 1256387 ] } },
{ "type": "Feature", "properties": { "flurname": "Dettenriederwald", "ziel": "kein Anschluss", "andock": "Gelände", "vergleich": "nicht verfolgt" }, "geometry": { "type": "Point", "coordinates": [ 2701235, 1256397 ] } },
{ "type": "Feature", "properties": { "flurname": "Dettenriederwald", "ziel": "kein Anschluss", "andock": "Gelände", "vergleich": "nicht verfolgt" }, "geometry": { "type": "Point", "coordinates": [ 2701310, 1256404 ] } },
{ "type": "Feature", "properties": { "flurname": "Dettenriederwald", "ziel": "kein Anschluss", "andock": "Gelände", "vergleich": "nicht verfolgt" }, "geometry": { "type": "Point", "coordinates": [ 2701271, 1256399 ] } },
{ "type": "Feature", "properties": { "flurname": "Dettenriederwald", "ziel": "Rhein", "andock": "Gelände", "vergleich": "stimmt" }, "geometry": { "type": "Point", "coordinates": [ 2701372, 1256534 ] } },
{ "type": "Feature", "properties": { "flurname": "Gerstenchrüz", "ziel": "Rhein", "andock": "Gelände", "vergleich": "stimmt" }, "geometry": { "type": "Point", "coordinates": [ 2692509, 1240411 ] } },
{ "type": "Feature", "properties": { "flurname": "Vorderberg", "ziel": "Limmat", "andock": "Gelände", "vergleich": "stimmt" }, "geometry": { "type": "Point", "coordinates": [ 2691929, 1239647 ] } },
{ "type": "Feature", "properties": { "flurname": "Zopfenriet", "ziel": "Limmat", "andock": "Gelände", "vergleich": "EZG ohne Namen" }, "geometry": { "type": "Point", "coordinates": [ 2691409, 1239647 ] } },
{ "type": "Feature", "properties": { "flurname": "Chüelenmorgen", "ziel": "Limmat", "andock": "Gelände", "vergleich": "stimmt" }, "geometry": { "type": "Point", "coordinates": [ 2691616, 1240345 ] } },
{ "type": "Feature", "properties": { "flurname": "Staatswaldig", "ziel": "Limmat", "andock": "Gelände", "vergleich": "stimmt" }, "geometry": { "type": "Point", "coordinates": [ 2691917, 1240598 ] } },
{ "type": "Feature", "properties": { "flurname": "Zimbermett", "ziel": "Limmat", "andock": "Gelände", "vergleich": "EZG ohne Namen" }, "geometry": { "type": "Point", "coordinates": [ 2691497, 1239922 ] } },
{ "type": "Feature", "properties": { "flurname": "Schönbüel", "ziel": "Limmat", "andock": "Gelände", "vergleich": "stimmt" }, "geometry": { "type": "Point", "coordinates": [ 2691439, 1240746 ] } },
{ "type": "Feature", "properties": { "flurname": "Cholgrueb", "ziel": "Limmat", "andock": "Gelände", "vergleich": "EZG ohne Namen" }, "geometry": { "type": "Point", "coordinates": [ 2691951, 1241193 ] } },
{ "type": "Feature", "properties": { "flurname": "Rütiholz", "ziel": "Limmat", "andock": "Gelände", "vergleich": "EZG ohne Namen" }, "geometry": { "type": "Point", "coordinates": [ 2691707, 1241488 ] } },
{ "type": "Feature", "properties": { "flurname": "Rüti", "ziel": "Rhein", "andock": "Gelände", "vergleich": "stimmt" }, "geometry": { "type": "Point", "coordinates": [ 2688445, 1247320 ] } },
{ "type": "Feature", "properties": { "flurname": "Ränggerberg", "ziel": "Limmat", "andock": "Gelände", "vergleich": "stimmt" }, "geometry": { "type": "Point", "coordinates": [ 2682479, 1236096 ] } },
{ "type": "Feature", "properties": { "flurname": "Eberhardenberg", "ziel": "Limmat", "andock": "Gelände", "vergleich": "stimmt" }, "geometry": { "type": "Point", "coordinates": [ 2682367, 1236483 ] } },
{ "type": "Feature", "properties": { "flurname": "Brunnentobel", "ziel": "Limmat", "andock": "Gelände", "vergleich": "stimmt" }, "geometry": { "type": "Point", "coordinates": [ 2682461, 1235906 ] } },
{ "type": "Feature", "properties": { "flurname": "Schnabelweg, Summerhalden", "ziel": "Limmat", "andock": "Gelände", "vergleich": "abweichend" }, "geometry": { "type": "Point", "coordinates": [ 2683050, 1235745 ] } },
{ "type": "Feature", "properties": { "flurname": "Ochsenweid", "ziel": "Limmat", "andock": "Gelände", "vergleich": "stimmt" }, "geometry": { "type": "Point", "coordinates": [ 2683482, 1236046 ] } },
{ "type": "Feature", "properties": { "flurname": "Tobel", "ziel": "Rhein", "andock": "Gelände", "vergleich": "stimmt" }, "geometry": { "type": "Point", "coordinates": [ 2685444, 1268054 ] } },
{ "type": "Feature", "properties": { "flurname": "Chapf", "ziel": "kein Anschluss", "andock": "Gelände", "vergleich": "nicht verfolgt" }, "geometry": { "type": "Point", "coordinates": [ 2708125, 1253836 ] } },
{ "type": "Feature", "properties": { "flurname": "Böld Ost", "ziel": "kein Anschluss", "andock": "Gelände", "vergleich": "nicht verfolgt" }, "geometry": { "type": "Point", "coordinates": [ 2699831, 1253461 ] } },
{ "type": "Feature", "properties": { "flurname": "Böld", "ziel": "kein Anschluss", "andock": "Gelände", "vergleich": "nicht verfolgt" }, "geometry": { "type": "Point", "coordinates": [ 2699465, 1253291 ] } },
{ "type": "Feature", "properties": { "flurname": "Sack", "ziel": "Rhein", "andock": "Gelände", "vergleich": "stimmt" }, "geometry": { "type": "Point", "coordinates": [ 2705866, 1241180 ] } },
{ "type": "Feature", "properties": { "flurname": "Sackacker", "ziel": "Rhein", "andock": "Gelände", "vergleich": "stimmt" }, "geometry": { "type": "Point", "coordinates": [ 2706429, 1241011 ] } },
{ "type": "Feature", "properties": { "flurname": "Stöcken", "ziel": "kein Anschluss", "andock": "Gelände", "vergleich": "nicht verfolgt" }, "geometry": { "type": "Point", "coordinates": [ 2705534, 1241527 ] } },
{ "type": "Feature", "properties": { "flurname": "Bodenhaus", "ziel": "kein Anschluss", "andock": "Gelände", "vergleich": "nicht verfolgt" }, "geometry": { "type": "Point", "coordinates": [ 2706273, 1242522 ] } },
{ "type": "Feature", "properties": { "flurname": "Oberemmetschloo", "ziel": "kein Anschluss", "andock": "Gelände", "vergleich": "nicht verfolgt" }, "geometry": { "type": "Point", "coordinates": [ 2705818, 1242456 ] } },
{ "type": "Feature", "properties": { "flurname": "Hinterberg", "ziel": "kein Anschluss", "andock": "Gelände", "vergleich": "nicht verfolgt" }, "geometry": { "type": "Point", "coordinates": [ 2706413, 1242591 ] } },
{ "type": "Feature", "properties": { "flurname": "Rüti", "ziel": "Nachbarkanton", "andock": "Gelände", "vergleich": "EZG ohne Namen" }, "geometry": { "type": "Point", "coordinates": [ 2677425, 1253214 ] } },
{ "type": "Feature", "properties": { "flurname": "Rüti", "ziel": "kein Anschluss", "andock": "Gelände", "vergleich": "nicht verfolgt" }, "geometry": { "type": "Point", "coordinates": [ 2677308, 1253324 ] } },
{ "type": "Feature", "properties": { "flurname": "Risi", "ziel": "Nachbarkanton", "andock": "Gelände", "vergleich": "EZG ohne Namen" }, "geometry": { "type": "Point", "coordinates": [ 2673869, 1258355 ] } },
{ "type": "Feature", "properties": { "flurname": "Sandbach, südlicher Zweig", "ziel": "Limmat", "andock": "Gelände", "vergleich": "stimmt" }, "geometry": { "type": "Point", "coordinates": [ 2685941, 1231389 ] } },
{ "type": "Feature", "properties": { "flurname": "Grueben", "ziel": "kein Anschluss", "andock": "Gelände", "vergleich": "nicht verfolgt" }, "geometry": { "type": "Point", "coordinates": [ 2710534, 1255323 ] } },
{ "type": "Feature", "properties": { "flurname": "Telgg", "ziel": "kein Anschluss", "andock": "Gelände", "vergleich": "nicht verfolgt" }, "geometry": { "type": "Point", "coordinates": [ 2708851, 1253870 ] } },
{ "type": "Feature", "properties": { "flurname": "Telgg", "ziel": "kein Anschluss", "andock": "Gelände", "vergleich": "nicht verfolgt" }, "geometry": { "type": "Point", "coordinates": [ 2708886, 1253916 ] } },
{ "type": "Feature", "properties": { "flurname": "Telgg", "ziel": "kein Anschluss", "andock": "Gelände", "vergleich": "nicht verfolgt" }, "geometry": { "type": "Point", "coordinates": [ 2708905, 1253922 ] } },
{ "type": "Feature", "properties": { "flurname": "Chapf", "ziel": "kein Anschluss", "andock": "Gelände", "vergleich": "nicht verfolgt" }, "geometry": { "type": "Point", "coordinates": [ 2708419, 1253854 ] } },
{ "type": "Feature", "properties": { "flurname": "Telgg", "ziel": "kein Anschluss", "andock": "Gelände", "vergleich": "nicht verfolgt" }, "geometry": { "type": "Point", "coordinates": [ 2708611, 1253875 ] } },
{ "type": "Feature", "properties": { "flurname": "Telgg", "ziel": "kein Anschluss", "andock": "Gelände", "vergleich": "nicht verfolgt" }, "geometry": { "type": "Point", "coordinates": [ 2708630, 1253882 ] } },
{ "type": "Feature", "properties": { "flurname": "Telgg", "ziel": "kein Anschluss", "andock": "Gelände", "vergleich": "nicht verfolgt" }, "geometry": { "type": "Point", "coordinates": [ 2708721, 1253933 ] } },
{ "type": "Feature", "properties": { "flurname": "Wolfestel", "ziel": "kein Anschluss", "andock": "Gelände", "vergleich": "nicht verfolgt" }, "geometry": { "type": "Point", "coordinates": [ 2707783, 1254084 ] } },
{ "type": "Feature", "properties": { "flurname": "Wolfestel", "ziel": "kein Anschluss", "andock": "Gelände", "vergleich": "nicht verfolgt" }, "geometry": { "type": "Point", "coordinates": [ 2707763, 1254076 ] } },
{ "type": "Feature", "properties": { "flurname": "Oberholz", "ziel": "kein Anschluss", "andock": "Gelände", "vergleich": "nicht verfolgt" }, "geometry": { "type": "Point", "coordinates": [ 2707579, 1254127 ] } },
{ "type": "Feature", "properties": { "flurname": "Oberholz", "ziel": "Rhein", "andock": "Gelände", "vergleich": "stimmt" }, "geometry": { "type": "Point", "coordinates": [ 2707225, 1254132 ] } },
{ "type": "Feature", "properties": { "flurname": "Geisschragen", "ziel": "Rhein", "andock": "Gelände", "vergleich": "stimmt" }, "geometry": { "type": "Point", "coordinates": [ 2706909, 1254321 ] } },
{ "type": "Feature", "properties": { "flurname": "Geisschragen", "ziel": "Rhein", "andock": "Gelände", "vergleich": "stimmt" }, "geometry": { "type": "Point", "coordinates": [ 2706848, 1254320 ] } },
{ "type": "Feature", "properties": { "flurname": "Berberg", "ziel": "Rhein", "andock": "Gelände", "vergleich": "stimmt" }, "geometry": { "type": "Point", "coordinates": [ 2707445, 1255670 ] } },
{ "type": "Feature", "properties": { "flurname": "Berberg", "ziel": "Rhein", "andock": "Gelände", "vergleich": "stimmt" }, "geometry": { "type": "Point", "coordinates": [ 2707339, 1255593 ] } },
{ "type": "Feature", "properties": { "flurname": "Tunkelhölzli", "ziel": "Rhein", "andock": "Gelände", "vergleich": "stimmt" }, "geometry": { "type": "Point", "coordinates": [ 2707428, 1255240 ] } },
{ "type": "Feature", "properties": { "flurname": "Boll", "ziel": "Reuss", "andock": "Gelände", "vergleich": "stimmt" }, "geometry": { "type": "Point", "coordinates": [ 2676001, 1231471 ] } },
{ "type": "Feature", "properties": { "flurname": "Boll/Backental", "ziel": "Reuss", "andock": "Gelände", "vergleich": "stimmt" }, "geometry": { "type": "Point", "coordinates": [ 2676176, 1231263 ] } },
{ "type": "Feature", "properties": { "flurname": "Breitmatt", "ziel": "Reuss", "andock": "Gelände", "vergleich": "stimmt" }, "geometry": { "type": "Point", "coordinates": [ 2676229, 1230857 ] } },
{ "type": "Feature", "properties": { "flurname": "Aspli", "ziel": "zu weit vom Bach", "andock": "zu weit", "vergleich": "nicht verfolgt" }, "geometry": { "type": "Point", "coordinates": [ 2678947, 1232815 ] } },
{ "type": "Feature", "properties": { "flurname": "Haltenrain", "ziel": "kein Anschluss", "andock": "Gelände", "vergleich": "nicht verfolgt" }, "geometry": { "type": "Point", "coordinates": [ 2675613, 1232976 ] } },
{ "type": "Feature", "properties": { "flurname": "Hau", "ziel": "Limmat", "andock": "Gelände", "vergleich": "stimmt" }, "geometry": { "type": "Point", "coordinates": [ 2675941, 1248195 ] } },
{ "type": "Feature", "properties": { "flurname": "Herligmoos", "ziel": "Limmat", "andock": "Gelände", "vergleich": "stimmt" }, "geometry": { "type": "Point", "coordinates": [ 2677546, 1247524 ] } },
{ "type": "Feature", "properties": { "flurname": "Chüeweid", "ziel": "kein Anschluss", "andock": "Gelände", "vergleich": "nicht verfolgt" }, "geometry": { "type": "Point", "coordinates": [ 2678064, 1247201 ] } },
{ "type": "Feature", "properties": { "flurname": "Untere Rohregg Mitte", "ziel": "Limmat", "andock": "Gelände", "vergleich": "stimmt" }, "geometry": { "type": "Point", "coordinates": [ 2685837, 1231545 ] } },
{ "type": "Feature", "properties": { "flurname": "Schüepenlochhaldenbach", "ziel": "Limmat", "andock": "Gelände", "vergleich": "stimmt" }, "geometry": { "type": "Point", "coordinates": [ 2685631, 1234630 ] } },
{ "type": "Feature", "properties": { "flurname": "Erlenmoosbach, süd", "ziel": "kein Anschluss", "andock": "Gelände, anderer Bach", "vergleich": "nicht verfolgt" }, "geometry": { "type": "Point", "coordinates": [ 2685355, 1234892 ] } },
{ "type": "Feature", "properties": { "flurname": "Sunnental", "ziel": "Limmat", "andock": "Gelände", "vergleich": "EZG ohne Namen" }, "geometry": { "type": "Point", "coordinates": [ 2703488, 1234739 ] } },
{ "type": "Feature", "properties": { "flurname": "Holzschlag", "ziel": "Limmat", "andock": "Gelände", "vergleich": "EZG ohne Namen" }, "geometry": { "type": "Point", "coordinates": [ 2702158, 1233820 ] } },
{ "type": "Feature", "properties": { "flurname": "Schwösterrain", "ziel": "Limmat", "andock": "Gelände", "vergleich": "EZG ohne Namen" }, "geometry": { "type": "Point", "coordinates": [ 2703254, 1233758 ] } },
{ "type": "Feature", "properties": { "flurname": "Hüllilooboden, Sihlwald", "ziel": "Limmat", "andock": "Gelände", "vergleich": "stimmt" }, "geometry": { "type": "Point", "coordinates": [ 2683696, 1235149 ] } },
{ "type": "Feature", "properties": { "flurname": "Bachtelen Sihlwald", "ziel": "Limmat", "andock": "nächster, unsicher", "vergleich": "stimmt" }, "geometry": { "type": "Point", "coordinates": [ 2683490, 1235139 ] } },
{ "type": "Feature", "properties": { "flurname": "Haberacher, Sihlwald", "ziel": "Limmat", "andock": "Gelände, anderer Bach", "vergleich": "stimmt" }, "geometry": { "type": "Point", "coordinates": [ 2683374, 1235068 ] } },
{ "type": "Feature", "properties": { "flurname": "Langenrain, Sihlwald", "ziel": "Limmat", "andock": "Gelände, anderer Bach", "vergleich": "stimmt" }, "geometry": { "type": "Point", "coordinates": [ 2684055, 1235315 ] } },
{ "type": "Feature", "properties": { "flurname": "Hüllilooboden, Sihlwald", "ziel": "Limmat", "andock": "Gelände", "vergleich": "stimmt" }, "geometry": { "type": "Point", "coordinates": [ 2683806, 1235187 ] } },
{ "type": "Feature", "properties": { "flurname": "Hüllilooboden, Sihlwald", "ziel": "Limmat", "andock": "Gelände", "vergleich": "stimmt" }, "geometry": { "type": "Point", "coordinates": [ 2683747, 1235085 ] } },
{ "type": "Feature", "properties": { "flurname": "Ludretikermoos", "ziel": "kein Anschluss", "andock": "Gelände", "vergleich": "nicht verfolgt" }, "geometry": { "type": "Point", "coordinates": [ 2684745, 1236669 ] } },
{ "type": "Feature", "properties": { "flurname": "Ochsenweid, Vordere Rislete", "ziel": "Limmat", "andock": "Gelände, anderer Bach", "vergleich": "stimmt" }, "geometry": { "type": "Point", "coordinates": [ 2683779, 1236102 ] } },
{ "type": "Feature", "properties": { "flurname": "Schnabelweg, Sommerhalden", "ziel": "Limmat", "andock": "Gelände", "vergleich": "EZG ohne Namen" }, "geometry": { "type": "Point", "coordinates": [ 2682992, 1235629 ] } },
{ "type": "Feature", "properties": { "flurname": "Ränggerberg", "ziel": "Limmat", "andock": "Gelände", "vergleich": "stimmt" }, "geometry": { "type": "Point", "coordinates": [ 2682418, 1236057 ] } },
{ "type": "Feature", "properties": { "flurname": "Weid, Bachtelen", "ziel": "Limmat", "andock": "Gelände", "vergleich": "EZG ohne Namen" }, "geometry": { "type": "Point", "coordinates": [ 2683307, 1235508 ] } },
{ "type": "Feature", "properties": { "flurname": "Dettenriederwald", "ziel": "Rhein", "andock": "Gelände", "vergleich": "stimmt" }, "geometry": { "type": "Point", "coordinates": [ 2701149, 1256180 ] } },
{ "type": "Feature", "properties": { "flurname": "Dettenriederwald", "ziel": "kein Anschluss", "andock": "Gelände", "vergleich": "nicht verfolgt" }, "geometry": { "type": "Point", "coordinates": [ 2701188, 1256395 ] } },
{ "type": "Feature", "properties": { "flurname": "Dettenriederwald", "ziel": "kein Anschluss", "andock": "Gelände", "vergleich": "nicht verfolgt" }, "geometry": { "type": "Point", "coordinates": [ 2701287, 1256396 ] } },
{ "type": "Feature", "properties": { "flurname": "Dettenriederwald", "ziel": "Rhein", "andock": "Gelände", "vergleich": "stimmt" }, "geometry": { "type": "Point", "coordinates": [ 2701569, 1256295 ] } },
{ "type": "Feature", "properties": { "flurname": "Dettenriederwald", "ziel": "Rhein", "andock": "Gelände", "vergleich": "stimmt" }, "geometry": { "type": "Point", "coordinates": [ 2701461, 1256323 ] } },
{ "type": "Feature", "properties": { "flurname": "Dettenriederwald", "ziel": "Rhein", "andock": "Gelände", "vergleich": "stimmt" }, "geometry": { "type": "Point", "coordinates": [ 2701562, 1256379 ] } },
{ "type": "Feature", "properties": { "flurname": "Heiligberg", "ziel": "kein Anschluss", "andock": "Gelände", "vergleich": "nicht verfolgt" }, "geometry": { "type": "Point", "coordinates": [ 2700754, 1261585 ] } },
{ "type": "Feature", "properties": { "flurname": "Hegiberg", "ziel": "Rhein", "andock": "Gelände", "vergleich": "stimmt" }, "geometry": { "type": "Point", "coordinates": [ 2701333, 1261813 ] } },
{ "type": "Feature", "properties": { "flurname": "Nachtweid", "ziel": "Rhein", "andock": "Gelände", "vergleich": "stimmt" }, "geometry": { "type": "Point", "coordinates": [ 2701178, 1261005 ] } },
{ "type": "Feature", "properties": { "flurname": "Eichbüel", "ziel": "Rhein", "andock": "Gelände", "vergleich": "stimmt" }, "geometry": { "type": "Point", "coordinates": [ 2701265, 1260821 ] } },
{ "type": "Feature", "properties": { "flurname": "Andelbach", "ziel": "Rhein", "andock": "Gelände", "vergleich": "stimmt" }, "geometry": { "type": "Point", "coordinates": [ 2701611, 1260710 ] } },
{ "type": "Feature", "properties": { "flurname": "Andelbach", "ziel": "Rhein", "andock": "Gelände", "vergleich": "stimmt" }, "geometry": { "type": "Point", "coordinates": [ 2701543, 1260726 ] } },
{ "type": "Feature", "properties": { "flurname": "Botzflue", "ziel": "kein Anschluss", "andock": "Gelände", "vergleich": "nicht verfolgt" }, "geometry": { "type": "Point", "coordinates": [ 2703416, 1235426 ] } },
{ "type": "Feature", "properties": { "flurname": "Rennweghölzli", "ziel": "Limmat", "andock": "Gelände", "vergleich": "EZG ohne Namen" }, "geometry": { "type": "Point", "coordinates": [ 2702171, 1235056 ] } },
{ "type": "Feature", "properties": { "flurname": "Pfaffenholz", "ziel": "Rhein", "andock": "Gelände", "vergleich": "stimmt" }, "geometry": { "type": "Point", "coordinates": [ 2693201, 1257420 ] } },
{ "type": "Feature", "properties": { "flurname": "Hohenasp", "ziel": "Rhein", "andock": "Gelände", "vergleich": "stimmt" }, "geometry": { "type": "Point", "coordinates": [ 2693236, 1257500 ] } },
{ "type": "Feature", "properties": { "flurname": "Pfaffenholzbächli", "ziel": "Rhein", "andock": "Gelände", "vergleich": "stimmt" }, "geometry": { "type": "Point", "coordinates": [ 2693401, 1257240 ] } },
{ "type": "Feature", "properties": { "flurname": "Ifangbächli", "ziel": "Rhein", "andock": "Gelände", "vergleich": "stimmt" }, "geometry": { "type": "Point", "coordinates": [ 2693166, 1257740 ] } },
{ "type": "Feature", "properties": { "flurname": "Drei Juten", "ziel": "Rhein", "andock": "Gelände", "vergleich": "EZG ohne Namen" }, "geometry": { "type": "Point", "coordinates": [ 2693576, 1257010 ] } },
{ "type": "Feature", "properties": { "flurname": "Holzwis", "ziel": "Rhein", "andock": "Gelände", "vergleich": "EZG ohne Namen" }, "geometry": { "type": "Point", "coordinates": [ 2693326, 1256265 ] } },
{ "type": "Feature", "properties": { "flurname": "Oberholz", "ziel": "Rhein", "andock": "Gelände", "vergleich": "EZG ohne Namen" }, "geometry": { "type": "Point", "coordinates": [ 2693326, 1256265 ] } },
{ "type": "Feature", "properties": { "flurname": "Ifang", "ziel": "Rhein", "andock": "Gelände", "vergleich": "stimmt" }, "geometry": { "type": "Point", "coordinates": [ 2693201, 1257990 ] } },
{ "type": "Feature", "properties": { "flurname": "Tüfental", "ziel": "Nachbarkanton", "andock": "Gelände", "vergleich": "EZG ohne Namen" }, "geometry": { "type": "Point", "coordinates": [ 2709744, 1235542 ] } },
{ "type": "Feature", "properties": { "flurname": "Tüfental", "ziel": "Nachbarkanton", "andock": "Gelände", "vergleich": "EZG ohne Namen" }, "geometry": { "type": "Point", "coordinates": [ 2709804, 1235493 ] } },
{ "type": "Feature", "properties": { "flurname": "Chliweier", "ziel": "Nachbarkanton", "andock": "Gelände, anderer Bach", "vergleich": "EZG ohne Namen" }, "geometry": { "type": "Point", "coordinates": [ 2709332, 1235280 ] } },
{ "type": "Feature", "properties": { "flurname": "Tannenboden", "ziel": "Nachbarkanton", "andock": "Gelände", "vergleich": "abweichend" }, "geometry": { "type": "Point", "coordinates": [ 2711336, 1235028 ] } },
{ "type": "Feature", "properties": { "flurname": "Unter Chalchtaren", "ziel": "Limmat", "andock": "Gelände", "vergleich": "EZG ohne Namen" }, "geometry": { "type": "Point", "coordinates": [ 2691216, 1231797 ] } },
{ "type": "Feature", "properties": { "flurname": "Untermosen", "ziel": "Limmat", "andock": "Gelände", "vergleich": "EZG ohne Namen" }, "geometry": { "type": "Point", "coordinates": [ 2692049, 1231525 ] } },
{ "type": "Feature", "properties": { "flurname": "Gulmenhof", "ziel": "Limmat", "andock": "Gelände", "vergleich": "EZG ohne Namen" }, "geometry": { "type": "Point", "coordinates": [ 2691846, 1231593 ] } },
{ "type": "Feature", "properties": { "flurname": "Gulmenhof", "ziel": "Limmat", "andock": "Gelände", "vergleich": "EZG ohne Namen" }, "geometry": { "type": "Point", "coordinates": [ 2691686, 1231662 ] } },
{ "type": "Feature", "properties": { "flurname": "Unterer Chalchtaren", "ziel": "Limmat", "andock": "Gelände", "vergleich": "EZG ohne Namen" }, "geometry": { "type": "Point", "coordinates": [ 2691211, 1231854 ] } },
{ "type": "Feature", "properties": { "flurname": "Büelenebnet", "ziel": "kein Anschluss", "andock": "Gelände", "vergleich": "nicht verfolgt" }, "geometry": { "type": "Point", "coordinates": [ 2691435, 1232143 ] } },
{ "type": "Feature", "properties": { "flurname": "Büelenebnet", "ziel": "kein Anschluss", "andock": "Gelände", "vergleich": "nicht verfolgt" }, "geometry": { "type": "Point", "coordinates": [ 2691302, 1232038 ] } },
{ "type": "Feature", "properties": { "flurname": "Rötibodenholz", "ziel": "Limmat", "andock": "Gelände", "vergleich": "EZG ohne Namen" }, "geometry": { "type": "Point", "coordinates": [ 2692335, 1230949 ] } },
{ "type": "Feature", "properties": { "flurname": "Rötibodenholz, Wädenswil", "ziel": "Limmat", "andock": "Gelände", "vergleich": "EZG ohne Namen" }, "geometry": { "type": "Point", "coordinates": [ 2692275, 1230997 ] } },
{ "type": "Feature", "properties": { "flurname": "Fideli", "ziel": "Nachbarkanton", "andock": "Gelände", "vergleich": "stimmt" }, "geometry": { "type": "Point", "coordinates": [ 2708776, 1257267 ] } },
{ "type": "Feature", "properties": { "flurname": "Ifang", "ziel": "Nachbarkanton", "andock": "Gelände", "vergleich": "EZG ohne Namen" }, "geometry": { "type": "Point", "coordinates": [ 2708796, 1263205 ] } },
{ "type": "Feature", "properties": { "flurname": "Hangen", "ziel": "Nachbarkanton", "andock": "Gelände", "vergleich": "EZG ohne Namen" }, "geometry": { "type": "Point", "coordinates": [ 2708644, 1263495 ] } },
{ "type": "Feature", "properties": { "flurname": "Erlen", "ziel": "Rhein", "andock": "Gelände", "vergleich": "EZG ohne Namen" }, "geometry": { "type": "Point", "coordinates": [ 2707724, 1263686 ] } },
{ "type": "Feature", "properties": { "flurname": "Stalrain", "ziel": "Rhein", "andock": "Gelände", "vergleich": "EZG ohne Namen" }, "geometry": { "type": "Point", "coordinates": [ 2707309, 1263388 ] } },
{ "type": "Feature", "properties": { "flurname": "Röhrlitobel 2", "ziel": "Rhein", "andock": "Gelände", "vergleich": "stimmt" }, "geometry": { "type": "Point", "coordinates": [ 2703916, 1257749 ] } },
{ "type": "Feature", "properties": { "flurname": "Kellerbodenbach", "ziel": "Limmat", "andock": "Gelände", "vergleich": "stimmt" }, "geometry": { "type": "Point", "coordinates": [ 2685391, 1232554 ] } },
{ "type": "Feature", "properties": { "flurname": "streubodenbach_nord", "ziel": "Limmat", "andock": "Gelände, anderer Bach", "vergleich": "stimmt" }, "geometry": { "type": "Point", "coordinates": [ 2685499, 1232917 ] } },
{ "type": "Feature", "properties": { "flurname": "streubodenbach_sued", "ziel": "Limmat", "andock": "Gelände", "vergleich": "stimmt" }, "geometry": { "type": "Point", "coordinates": [ 2685500, 1232832 ] } },
{ "type": "Feature", "properties": { "flurname": "Schönbodenwaldbach Nord", "ziel": "Limmat", "andock": "Gelände", "vergleich": "stimmt" }, "geometry": { "type": "Point", "coordinates": [ 2685657, 1232727 ] } },
{ "type": "Feature", "properties": { "flurname": "Holzwis", "ziel": "Rhein", "andock": "Gelände", "vergleich": "EZG ohne Namen" }, "geometry": { "type": "Point", "coordinates": [ 2693351, 1256435 ] } },
{ "type": "Feature", "properties": { "flurname": "ca. 340m NW Oberholz", "ziel": "Rhein", "andock": "Gelände", "vergleich": "stimmt" }, "geometry": { "type": "Point", "coordinates": [ 2693341, 1256145 ] } },
{ "type": "Feature", "properties": { "flurname": "Hüttenbergbächli", "ziel": "Rhein", "andock": "Gelände", "vergleich": "stimmt" }, "geometry": { "type": "Point", "coordinates": [ 2683491, 1267561 ] } },
{ "type": "Feature", "properties": { "flurname": "Chlotenholz", "ziel": "Rhein", "andock": "Gelände", "vergleich": "stimmt" }, "geometry": { "type": "Point", "coordinates": [ 2683468, 1267734 ] } },
{ "type": "Feature", "properties": { "flurname": "Chlotenholz", "ziel": "Rhein", "andock": "Gelände", "vergleich": "stimmt" }, "geometry": { "type": "Point", "coordinates": [ 2683459, 1268000 ] } },
{ "type": "Feature", "properties": { "flurname": "Hinterriet", "ziel": "Rhein", "andock": "Gelände", "vergleich": "stimmt" }, "geometry": { "type": "Point", "coordinates": [ 2683161, 1268194 ] } },
{ "type": "Feature", "properties": { "flurname": "Hinterriet", "ziel": "Rhein", "andock": "Gelände", "vergleich": "stimmt" }, "geometry": { "type": "Point", "coordinates": [ 2683187, 1268147 ] } },
{ "type": "Feature", "properties": { "flurname": "Hinterriet", "ziel": "Rhein", "andock": "Gelände", "vergleich": "stimmt" }, "geometry": { "type": "Point", "coordinates": [ 2683185, 1268183 ] } },
{ "type": "Feature", "properties": { "flurname": "Hinterriet", "ziel": "Rhein", "andock": "Gelände", "vergleich": "stimmt" }, "geometry": { "type": "Point", "coordinates": [ 2683184, 1268295 ] } },
{ "type": "Feature", "properties": { "flurname": "Hüttenbergbächli", "ziel": "Rhein", "andock": "Gelände", "vergleich": "stimmt" }, "geometry": { "type": "Point", "coordinates": [ 2683485, 1267633 ] } },
{ "type": "Feature", "properties": { "flurname": "Höhrain", "ziel": "Rhein", "andock": "Gelände", "vergleich": "stimmt" }, "geometry": { "type": "Point", "coordinates": [ 2683834, 1267123 ] } },
{ "type": "Feature", "properties": { "flurname": "Wiliwald", "ziel": "kein Anschluss", "andock": "Gelände", "vergleich": "nicht verfolgt" }, "geometry": { "type": "Point", "coordinates": [ 2712692, 1235512 ] } },
{ "type": "Feature", "properties": { "flurname": "Farnholz", "ziel": "kein Anschluss", "andock": "Gelände", "vergleich": "nicht verfolgt" }, "geometry": { "type": "Point", "coordinates": [ 2712592, 1235555 ] } },
{ "type": "Feature", "properties": { "flurname": "Wiliwald", "ziel": "kein Anschluss", "andock": "Gelände", "vergleich": "nicht verfolgt" }, "geometry": { "type": "Point", "coordinates": [ 2712445, 1235367 ] } },
{ "type": "Feature", "properties": { "flurname": "Wiliwald", "ziel": "kein Anschluss", "andock": "Gelände", "vergleich": "nicht verfolgt" }, "geometry": { "type": "Point", "coordinates": [ 2712589, 1235434 ] } },
{ "type": "Feature", "properties": { "flurname": "Stöckau", "ziel": "kein Anschluss", "andock": "Gelände", "vergleich": "nicht verfolgt" }, "geometry": { "type": "Point", "coordinates": [ 2675158, 1253956 ] } },
{ "type": "Feature", "properties": { "flurname": "Buech", "ziel": "Rhein", "andock": "Gelände", "vergleich": "stimmt" }, "geometry": { "type": "Point", "coordinates": [ 2692799, 1255941 ] } },
{ "type": "Feature", "properties": { "flurname": "Buech", "ziel": "Rhein", "andock": "Gelände", "vergleich": "stimmt" }, "geometry": { "type": "Point", "coordinates": [ 2692652, 1255958 ] } },
{ "type": "Feature", "properties": { "flurname": "Pfaffenholz", "ziel": "kein Anschluss", "andock": "Gelände", "vergleich": "nicht verfolgt" }, "geometry": { "type": "Point", "coordinates": [ 2711861, 1235442 ] } },
{ "type": "Feature", "properties": { "flurname": "Chälenholz", "ziel": "kein Anschluss", "andock": "Gelände", "vergleich": "nicht verfolgt" }, "geometry": { "type": "Point", "coordinates": [ 2711585, 1235649 ] } },
{ "type": "Feature", "properties": { "flurname": "Boden", "ziel": "Nachbarkanton", "andock": "Gelände", "vergleich": "abweichend" }, "geometry": { "type": "Point", "coordinates": [ 2712573, 1235260 ] } },
{ "type": "Feature", "properties": { "flurname": "Seeweidsee", "ziel": "kein Anschluss", "andock": "Gelände", "vergleich": "nicht verfolgt" }, "geometry": { "type": "Point", "coordinates": [ 2698891, 1234991 ] } },
{ "type": "Feature", "properties": { "flurname": "Seeweidsee", "ziel": "kein Anschluss", "andock": "nächster, unsicher", "vergleich": "nicht verfolgt" }, "geometry": { "type": "Point", "coordinates": [ 2698667, 1234795 ] } },
{ "type": "Feature", "properties": { "flurname": "Seeweidsee", "ziel": "kein Anschluss", "andock": "Gelände", "vergleich": "nicht verfolgt" }, "geometry": { "type": "Point", "coordinates": [ 2698649, 1234781 ] } },
{ "type": "Feature", "properties": { "flurname": "Seeweidsee", "ziel": "kein Anschluss", "andock": "Gelände", "vergleich": "nicht verfolgt" }, "geometry": { "type": "Point", "coordinates": [ 2698793, 1234760 ] } },
{ "type": "Feature", "properties": { "flurname": "Areal Pflanzgarten AG", "ziel": "kein Anschluss", "andock": "Gelände", "vergleich": "nicht verfolgt" }, "geometry": { "type": "Point", "coordinates": [ 2700376, 1235378 ] } },
{ "type": "Feature", "properties": { "flurname": "Lochrain", "ziel": "kein Anschluss", "andock": "Gelände", "vergleich": "nicht verfolgt" }, "geometry": { "type": "Point", "coordinates": [ 2697963, 1234765 ] } },
{ "type": "Feature", "properties": { "flurname": "Schmittenbach", "ziel": "Limmat", "andock": "Gelände", "vergleich": "EZG ohne Namen" }, "geometry": { "type": "Point", "coordinates": [ 2698058, 1234187 ] } },
{ "type": "Feature", "properties": { "flurname": "Moos", "ziel": "Rhein", "andock": "Gelände", "vergleich": "stimmt" }, "geometry": { "type": "Point", "coordinates": [ 2683864, 1267056 ] } },
{ "type": "Feature", "properties": { "flurname": "Höhrain", "ziel": "Rhein", "andock": "Gelände", "vergleich": "stimmt" }, "geometry": { "type": "Point", "coordinates": [ 2683912, 1266458 ] } },
{ "type": "Feature", "properties": { "flurname": "Höhrain", "ziel": "Rhein", "andock": "Gelände", "vergleich": "stimmt" }, "geometry": { "type": "Point", "coordinates": [ 2684012, 1266458 ] } },
{ "type": "Feature", "properties": { "flurname": "Bolbi", "ziel": "Rhein", "andock": "Gelände", "vergleich": "stimmt" }, "geometry": { "type": "Point", "coordinates": [ 2684458, 1265780 ] } },
{ "type": "Feature", "properties": { "flurname": "Bolbi", "ziel": "Rhein", "andock": "Gelände", "vergleich": "stimmt" }, "geometry": { "type": "Point", "coordinates": [ 2684759, 1265381 ] } },
{ "type": "Feature", "properties": { "flurname": "Hinterriet", "ziel": "kein Anschluss", "andock": "Gelände", "vergleich": "nicht verfolgt" }, "geometry": { "type": "Point", "coordinates": [ 2684984, 1264802 ] } },
{ "type": "Feature", "properties": { "flurname": "Bütberg", "ziel": "Rhein", "andock": "Gelände", "vergleich": "stimmt" }, "geometry": { "type": "Point", "coordinates": [ 2684883, 1265204 ] } },
{ "type": "Feature", "properties": { "flurname": "Hinter den Reben", "ziel": "kein Anschluss", "andock": "Gelände", "vergleich": "nicht verfolgt" }, "geometry": { "type": "Point", "coordinates": [ 2684519, 1264027 ] } },
{ "type": "Feature", "properties": { "flurname": "Langwis, Rüebisbergbach", "ziel": "kein Anschluss", "andock": "Gelände", "vergleich": "nicht verfolgt" }, "geometry": { "type": "Point", "coordinates": [ 2685393, 1262449 ] } },
{ "type": "Feature", "properties": { "flurname": "Burstwis", "ziel": "kein Anschluss", "andock": "Gelände", "vergleich": "nicht verfolgt" }, "geometry": { "type": "Point", "coordinates": [ 2685058, 1262103 ] } },
{ "type": "Feature", "properties": { "flurname": "Büliberg / Mettlenholz", "ziel": "Rhein", "andock": "Gelände", "vergleich": "EZG ohne Namen" }, "geometry": { "type": "Point", "coordinates": [ 2685889, 1262420 ] } },
{ "type": "Feature", "properties": { "flurname": "Burg", "ziel": "Rhein", "andock": "Gelände", "vergleich": "EZG ohne Namen" }, "geometry": { "type": "Point", "coordinates": [ 2685760, 1262704 ] } },
{ "type": "Feature", "properties": { "flurname": "Holzrüti", "ziel": "Rhein", "andock": "Gelände", "vergleich": "stimmt" }, "geometry": { "type": "Point", "coordinates": [ 2691343, 1257523 ] } },
{ "type": "Feature", "properties": { "flurname": "Niederrüttelen", "ziel": "Rhein", "andock": "Gelände", "vergleich": "stimmt" }, "geometry": { "type": "Point", "coordinates": [ 2691427, 1257787 ] } },
{ "type": "Feature", "properties": { "flurname": "Roggenacher", "ziel": "Rhein", "andock": "Gelände", "vergleich": "EZG ohne Namen" }, "geometry": { "type": "Point", "coordinates": [ 2691487, 1257155 ] } },
{ "type": "Feature", "properties": { "flurname": "Weieracher", "ziel": "Rhein", "andock": "Gelände", "vergleich": "stimmt" }, "geometry": { "type": "Point", "coordinates": [ 2691716, 1257575 ] } },
{ "type": "Feature", "properties": { "flurname": "Chapf", "ziel": "kein Anschluss", "andock": "Gelände", "vergleich": "nicht verfolgt" }, "geometry": { "type": "Point", "coordinates": [ 2712353, 1235468 ] } },
{ "type": "Feature", "properties": { "flurname": "Lohholz", "ziel": "Rhein", "andock": "Gelände", "vergleich": "stimmt" }, "geometry": { "type": "Point", "coordinates": [ 2689574, 1246951 ] } },
{ "type": "Feature", "properties": { "flurname": "Wisbach, Chliner Lybenstein", "ziel": "Rhein", "andock": "Gelände", "vergleich": "stimmt" }, "geometry": { "type": "Point", "coordinates": [ 2688658, 1246579 ] } },
{ "type": "Feature", "properties": { "flurname": "Wisbachtobel", "ziel": "Rhein", "andock": "Gelände", "vergleich": "stimmt" }, "geometry": { "type": "Point", "coordinates": [ 2689234, 1247469 ] } },
{ "type": "Feature", "properties": { "flurname": "Wisbachtobel", "ziel": "Rhein", "andock": "Gelände", "vergleich": "stimmt" }, "geometry": { "type": "Point", "coordinates": [ 2689225, 1247465 ] } },
{ "type": "Feature", "properties": { "flurname": "Erlen", "ziel": "kein Anschluss", "andock": "Gelände", "vergleich": "nicht verfolgt" }, "geometry": { "type": "Point", "coordinates": [ 2689694, 1247579 ] } },
{ "type": "Feature", "properties": { "flurname": "Buechenrain", "ziel": "Rhein", "andock": "Gelände", "vergleich": "stimmt" }, "geometry": { "type": "Point", "coordinates": [ 2687609, 1247573 ] } },
{ "type": "Feature", "properties": { "flurname": "Bannholz", "ziel": "Rhein", "andock": "Gelände", "vergleich": "stimmt" }, "geometry": { "type": "Point", "coordinates": [ 2688860, 1247140 ] } },
{ "type": "Feature", "properties": { "flurname": "Chatzenschwanz", "ziel": "Rhein", "andock": "Gelände", "vergleich": "stimmt" }, "geometry": { "type": "Point", "coordinates": [ 2688147, 1247332 ] } },
{ "type": "Feature", "properties": { "flurname": "Bannholz", "ziel": "Rhein", "andock": "Gelände", "vergleich": "stimmt" }, "geometry": { "type": "Point", "coordinates": [ 2688468, 1247103 ] } },
{ "type": "Feature", "properties": { "flurname": "Ober Lätten / Chli Bannholz", "ziel": "Rhein", "andock": "Gelände", "vergleich": "stimmt" }, "geometry": { "type": "Point", "coordinates": [ 2687858, 1247450 ] } },
{ "type": "Feature", "properties": { "flurname": "Rüti", "ziel": "Limmat", "andock": "Gelände", "vergleich": "stimmt" }, "geometry": { "type": "Point", "coordinates": [ 2688323, 1246820 ] } },
{ "type": "Feature", "properties": { "flurname": "Wolfsbrunnen", "ziel": "Rhein", "andock": "Gelände", "vergleich": "EZG ohne Namen" }, "geometry": { "type": "Point", "coordinates": [ 2693106, 1257055 ] } },
{ "type": "Feature", "properties": { "flurname": "Schinzenholz", "ziel": "Limmat", "andock": "Gelände", "vergleich": "EZG ohne Namen" }, "geometry": { "type": "Point", "coordinates": [ 2691414, 1241003 ] } },
{ "type": "Feature", "properties": { "flurname": "Purenhäuli", "ziel": "Rhein", "andock": "Gelände", "vergleich": "EZG ohne Namen" }, "geometry": { "type": "Point", "coordinates": [ 2693306, 1256765 ] } },
{ "type": "Feature", "properties": { "flurname": "Honasp", "ziel": "Rhein", "andock": "Gelände", "vergleich": "EZG ohne Namen" }, "geometry": { "type": "Point", "coordinates": [ 2692761, 1256865 ] } },
{ "type": "Feature", "properties": { "flurname": "Schönbodenwaldbach sued", "ziel": "Limmat", "andock": "Gelände", "vergleich": "stimmt" }, "geometry": { "type": "Point", "coordinates": [ 2685534, 1232626 ] } },
{ "type": "Feature", "properties": { "flurname": "Schönbodenbach", "ziel": "Limmat", "andock": "Gelände", "vergleich": "stimmt" }, "geometry": { "type": "Point", "coordinates": [ 2685534, 1232376 ] } },
{ "type": "Feature", "properties": { "flurname": "Bruggrainbach", "ziel": "Limmat", "andock": "Gelände", "vergleich": "stimmt" }, "geometry": { "type": "Point", "coordinates": [ 2685700, 1233052 ] } },
{ "type": "Feature", "properties": { "flurname": "Mittlerer Hebisenbach", "ziel": "Limmat", "andock": "Gelände", "vergleich": "stimmt" }, "geometry": { "type": "Point", "coordinates": [ 2684988, 1232928 ] } },
{ "type": "Feature", "properties": { "flurname": "Eglibodenbach", "ziel": "Limmat", "andock": "Gelände", "vergleich": "stimmt" }, "geometry": { "type": "Point", "coordinates": [ 2684948, 1232991 ] } },
{ "type": "Feature", "properties": { "flurname": "Untere Hebisenbach", "ziel": "Limmat", "andock": "Gelände", "vergleich": "stimmt" }, "geometry": { "type": "Point", "coordinates": [ 2684886, 1233083 ] } },
{ "type": "Feature", "properties": { "flurname": "Wüsttobelbach Nord", "ziel": "kein Anschluss", "andock": "Gelände", "vergleich": "nicht verfolgt" }, "geometry": { "type": "Point", "coordinates": [ 2684681, 1233283 ] } },
{ "type": "Feature", "properties": { "flurname": "Bachtelenbach", "ziel": "Limmat", "andock": "Gelände", "vergleich": "stimmt" }, "geometry": { "type": "Point", "coordinates": [ 2684512, 1233549 ] } },
{ "type": "Feature", "properties": { "flurname": "Hauenbach Ost, rechter Arm", "ziel": "Limmat", "andock": "Gelände", "vergleich": "stimmt" }, "geometry": { "type": "Point", "coordinates": [ 2684019, 1234430 ] } },
{ "type": "Feature", "properties": { "flurname": "Ischluss", "ziel": "kein Anschluss", "andock": "Gelände", "vergleich": "nicht verfolgt" }, "geometry": { "type": "Point", "coordinates": [ 2698345, 1263073 ] } },
{ "type": "Feature", "properties": { "flurname": "Brüelberg", "ziel": "Rhein", "andock": "Gelände", "vergleich": "stimmt" }, "geometry": { "type": "Point", "coordinates": [ 2695889, 1261884 ] } },
{ "type": "Feature", "properties": { "flurname": "Tobel", "ziel": "Rhein", "andock": "Gelände", "vergleich": "stimmt" }, "geometry": { "type": "Point", "coordinates": [ 2695394, 1261585 ] } },
{ "type": "Feature", "properties": { "flurname": "Röhrli 1", "ziel": "Rhein", "andock": "Gelände", "vergleich": "stimmt" }, "geometry": { "type": "Point", "coordinates": [ 2704013, 1257712 ] } },
{ "type": "Feature", "properties": { "flurname": "Wald 2", "ziel": "Rhein", "andock": "Gelände", "vergleich": "stimmt" }, "geometry": { "type": "Point", "coordinates": [ 2704566, 1257517 ] } },
{ "type": "Feature", "properties": { "flurname": "Talweg", "ziel": "Rhein", "andock": "Gelände", "vergleich": "stimmt" }, "geometry": { "type": "Point", "coordinates": [ 2705996, 1257555 ] } },
{ "type": "Feature", "properties": { "flurname": "Tannenmoos 2", "ziel": "Rhein", "andock": "Gelände", "vergleich": "stimmt" }, "geometry": { "type": "Point", "coordinates": [ 2705591, 1257787 ] } },
{ "type": "Feature", "properties": { "flurname": "Weierholz", "ziel": "Rhein", "andock": "Gelände", "vergleich": "stimmt" }, "geometry": { "type": "Point", "coordinates": [ 2705158, 1258033 ] } },
{ "type": "Feature", "properties": { "flurname": "Tutli", "ziel": "Rhein", "andock": "Gelände", "vergleich": "stimmt" }, "geometry": { "type": "Point", "coordinates": [ 2704924, 1257886 ] } },
{ "type": "Feature", "properties": { "flurname": "Wald 1", "ziel": "Rhein", "andock": "Gelände", "vergleich": "stimmt" }, "geometry": { "type": "Point", "coordinates": [ 2704393, 1257606 ] } },
{ "type": "Feature", "properties": { "flurname": "Buechenhof", "ziel": "Nachbarkanton", "andock": "Gelände", "vergleich": "stimmt" }, "geometry": { "type": "Point", "coordinates": [ 2708620, 1257357 ] } },
{ "type": "Feature", "properties": { "flurname": "unbekannt", "ziel": "kein Anschluss", "andock": "Gelände", "vergleich": "nicht verfolgt" }, "geometry": { "type": "Point", "coordinates": [ 2707465, 1262667 ] } },
{ "type": "Feature", "properties": { "flurname": "Risitobelbach", "ziel": "Limmat", "andock": "Gelände", "vergleich": "EZG ohne Namen" }, "geometry": { "type": "Point", "coordinates": [ 2697762, 1234314 ] } },
{ "type": "Feature", "properties": { "flurname": "Leisibach", "ziel": "Limmat", "andock": "Gelände", "vergleich": "EZG ohne Namen" }, "geometry": { "type": "Point", "coordinates": [ 2697441, 1234674 ] } },
{ "type": "Feature", "properties": { "flurname": "Lochrain", "ziel": "kein Anschluss", "andock": "Gelände", "vergleich": "nicht verfolgt" }, "geometry": { "type": "Point", "coordinates": [ 2698197, 1234753 ] } },
{ "type": "Feature", "properties": { "flurname": "Lochrain", "ziel": "kein Anschluss", "andock": "Gelände", "vergleich": "nicht verfolgt" }, "geometry": { "type": "Point", "coordinates": [ 2698207, 1234741 ] } },
{ "type": "Feature", "properties": { "flurname": "Schrännenbach", "ziel": "kein Anschluss", "andock": "Gelände", "vergleich": "nicht verfolgt" }, "geometry": { "type": "Point", "coordinates": [ 2703404, 1248075 ] } },
{ "type": "Feature", "properties": { "flurname": "Schrännenbach", "ziel": "kein Anschluss", "andock": "Gelände", "vergleich": "nicht verfolgt" }, "geometry": { "type": "Point", "coordinates": [ 2703452, 1248005 ] } },
{ "type": "Feature", "properties": { "flurname": "Isikertobelbach", "ziel": "kein Anschluss", "andock": "Gelände", "vergleich": "nicht verfolgt" }, "geometry": { "type": "Point", "coordinates": [ 2703766, 1248197 ] } },
{ "type": "Feature", "properties": { "flurname": "Schwarzenbach", "ziel": "kein Anschluss", "andock": "Gelände", "vergleich": "nicht verfolgt" }, "geometry": { "type": "Point", "coordinates": [ 2704232, 1248977 ] } },
{ "type": "Feature", "properties": { "flurname": "Zelgbach", "ziel": "Rhein", "andock": "Gelände", "vergleich": "stimmt" }, "geometry": { "type": "Point", "coordinates": [ 2704825, 1249146 ] } },
{ "type": "Feature", "properties": { "flurname": "Schwarzenbach", "ziel": "kein Anschluss", "andock": "Gelände", "vergleich": "nicht verfolgt" }, "geometry": { "type": "Point", "coordinates": [ 2704301, 1248994 ] } },
{ "type": "Feature", "properties": { "flurname": "Schwarzenbach", "ziel": "kein Anschluss", "andock": "Gelände", "vergleich": "nicht verfolgt" }, "geometry": { "type": "Point", "coordinates": [ 2704261, 1248992 ] } },
{ "type": "Feature", "properties": { "flurname": "Huswis", "ziel": "kein Anschluss", "andock": "Gelände", "vergleich": "nicht verfolgt" }, "geometry": { "type": "Point", "coordinates": [ 2709367, 1253753 ] } },
{ "type": "Feature", "properties": { "flurname": "Vogelegg", "ziel": "kein Anschluss", "andock": "Gelände", "vergleich": "nicht verfolgt" }, "geometry": { "type": "Point", "coordinates": [ 2709394, 1253906 ] } },
{ "type": "Feature", "properties": { "flurname": "Vogelegg", "ziel": "kein Anschluss", "andock": "Gelände", "vergleich": "nicht verfolgt" }, "geometry": { "type": "Point", "coordinates": [ 2709425, 1253918 ] } },
{ "type": "Feature", "properties": { "flurname": "Büelholz", "ziel": "kein Anschluss", "andock": "Gelände", "vergleich": "nicht verfolgt" }, "geometry": { "type": "Point", "coordinates": [ 2709190, 1253722 ] } },
{ "type": "Feature", "properties": { "flurname": "Büelholz", "ziel": "kein Anschluss", "andock": "Gelände", "vergleich": "nicht verfolgt" }, "geometry": { "type": "Point", "coordinates": [ 2709082, 1253798 ] } },
{ "type": "Feature", "properties": { "flurname": "Talacher", "ziel": "Nachbarkanton", "andock": "Gelände", "vergleich": "stimmt" }, "geometry": { "type": "Point", "coordinates": [ 2674683, 1254428 ] } },
{ "type": "Feature", "properties": { "flurname": "Langenwegen", "ziel": "kein Anschluss", "andock": "Gelände", "vergleich": "nicht verfolgt" }, "geometry": { "type": "Point", "coordinates": [ 2709367, 1254117 ] } },
{ "type": "Feature", "properties": { "flurname": "Taa", "ziel": "kein Anschluss", "andock": "Gelände", "vergleich": "nicht verfolgt" }, "geometry": { "type": "Point", "coordinates": [ 2708342, 1255457 ] } },
{ "type": "Feature", "properties": { "flurname": "Haslen", "ziel": "kein Anschluss", "andock": "Gelände", "vergleich": "nicht verfolgt" }, "geometry": { "type": "Point", "coordinates": [ 2707960, 1254089 ] } },
{ "type": "Feature", "properties": { "flurname": "Chapf", "ziel": "kein Anschluss", "andock": "Gelände", "vergleich": "nicht verfolgt" }, "geometry": { "type": "Point", "coordinates": [ 2708105, 1253937 ] } },
{ "type": "Feature", "properties": { "flurname": "Chapf", "ziel": "kein Anschluss", "andock": "Gelände", "vergleich": "nicht verfolgt" }, "geometry": { "type": "Point", "coordinates": [ 2708145, 1253948 ] } },
{ "type": "Feature", "properties": { "flurname": "Chapf", "ziel": "kein Anschluss", "andock": "Gelände", "vergleich": "nicht verfolgt" }, "geometry": { "type": "Point", "coordinates": [ 2707939, 1253868 ] } },
{ "type": "Feature", "properties": { "flurname": "Haslen", "ziel": "kein Anschluss", "andock": "Gelände", "vergleich": "nicht verfolgt" }, "geometry": { "type": "Point", "coordinates": [ 2708088, 1254178 ] } },
{ "type": "Feature", "properties": { "flurname": "Telgg", "ziel": "kein Anschluss", "andock": "Gelände", "vergleich": "nicht verfolgt" }, "geometry": { "type": "Point", "coordinates": [ 2708528, 1253871 ] } },
{ "type": "Feature", "properties": { "flurname": "Chapf", "ziel": "kein Anschluss", "andock": "Gelände", "vergleich": "nicht verfolgt" }, "geometry": { "type": "Point", "coordinates": [ 2708345, 1253902 ] } },
{ "type": "Feature", "properties": { "flurname": "Ober Lee", "ziel": "Rhein", "andock": "Gelände", "vergleich": "stimmt" }, "geometry": { "type": "Point", "coordinates": [ 2685157, 1267799 ] } },
{ "type": "Feature", "properties": { "flurname": "Tobel", "ziel": "Rhein", "andock": "Gelände", "vergleich": "stimmt" }, "geometry": { "type": "Point", "coordinates": [ 2685273, 1268074 ] } },
{ "type": "Feature", "properties": { "flurname": "Obere Lee", "ziel": "Rhein", "andock": "Gelände", "vergleich": "stimmt" }, "geometry": { "type": "Point", "coordinates": [ 2685167, 1267762 ] } },
{ "type": "Feature", "properties": { "flurname": "Obere Lee", "ziel": "Rhein", "andock": "Gelände", "vergleich": "stimmt" }, "geometry": { "type": "Point", "coordinates": [ 2685089, 1267743 ] } },
{ "type": "Feature", "properties": { "flurname": "Buechhalden", "ziel": "Rhein", "andock": "Gelände", "vergleich": "stimmt" }, "geometry": { "type": "Point", "coordinates": [ 2684604, 1267615 ] } },
{ "type": "Feature", "properties": { "flurname": "Chapf", "ziel": "Nachbarkanton", "andock": "Gelände", "vergleich": "stimmt" }, "geometry": { "type": "Point", "coordinates": [ 2674714, 1254339 ] } },
{ "type": "Feature", "properties": { "flurname": "Tobel", "ziel": "Rhein", "andock": "Gelände", "vergleich": "stimmt" }, "geometry": { "type": "Point", "coordinates": [ 2685251, 1268075 ] } },
{ "type": "Feature", "properties": { "flurname": "Wisrüti", "ziel": "Rhein", "andock": "Gelände", "vergleich": "EZG ohne Namen" }, "geometry": { "type": "Point", "coordinates": [ 2687214, 1267422 ] } },
{ "type": "Feature", "properties": { "flurname": "Neurüti", "ziel": "Rhein", "andock": "Gelände", "vergleich": "EZG ohne Namen" }, "geometry": { "type": "Point", "coordinates": [ 2687194, 1267509 ] } },
{ "type": "Feature", "properties": { "flurname": "Hochrüti", "ziel": "Rhein", "andock": "Gelände", "vergleich": "EZG ohne Namen" }, "geometry": { "type": "Point", "coordinates": [ 2687126, 1267673 ] } },
{ "type": "Feature", "properties": { "flurname": "Schlipf", "ziel": "Rhein", "andock": "Gelände", "vergleich": "EZG ohne Namen" }, "geometry": { "type": "Point", "coordinates": [ 2687666, 1267166 ] } },
{ "type": "Feature", "properties": { "flurname": "Neurüti", "ziel": "Rhein", "andock": "Gelände", "vergleich": "EZG ohne Namen" }, "geometry": { "type": "Point", "coordinates": [ 2687179, 1267614 ] } },
{ "type": "Feature", "properties": { "flurname": "Hasenhölzli", "ziel": "Rhein", "andock": "Gelände", "vergleich": "stimmt" }, "geometry": { "type": "Point", "coordinates": [ 2708344, 1255806 ] } },
{ "type": "Feature", "properties": { "flurname": "Grossweiher", "ziel": "Nachbarkanton", "andock": "Gelände", "vergleich": "stimmt" }, "geometry": { "type": "Point", "coordinates": [ 2710258, 1235072 ] } },
{ "type": "Feature", "properties": { "flurname": "Grossweiher", "ziel": "Nachbarkanton", "andock": "Gelände", "vergleich": "stimmt" }, "geometry": { "type": "Point", "coordinates": [ 2710204, 1235026 ] } },
{ "type": "Feature", "properties": { "flurname": "Gründ", "ziel": "Nachbarkanton", "andock": "Gelände", "vergleich": "stimmt" }, "geometry": { "type": "Point", "coordinates": [ 2709061, 1235001 ] } },
{ "type": "Feature", "properties": { "flurname": "Dachsegg", "ziel": "Nachbarkanton", "andock": "Gelände", "vergleich": "EZG ohne Namen" }, "geometry": { "type": "Point", "coordinates": [ 2709807, 1234720 ] } },
{ "type": "Feature", "properties": { "flurname": "Dachsegg", "ziel": "Nachbarkanton", "andock": "Gelände", "vergleich": "EZG ohne Namen" }, "geometry": { "type": "Point", "coordinates": [ 2710339, 1234896 ] } },
{ "type": "Feature", "properties": { "flurname": "Nachtweid", "ziel": "Nachbarkanton", "andock": "Gelände", "vergleich": "stimmt" }, "geometry": { "type": "Point", "coordinates": [ 2699957, 1267164 ] } },
{ "type": "Feature", "properties": { "flurname": "Walisriet", "ziel": "Nachbarkanton", "andock": "Gelände", "vergleich": "stimmt" }, "geometry": { "type": "Point", "coordinates": [ 2699701, 1267188 ] } },
{ "type": "Feature", "properties": { "flurname": "Oberholz", "ziel": "Nachbarkanton", "andock": "Gelände", "vergleich": "stimmt" }, "geometry": { "type": "Point", "coordinates": [ 2700374, 1267063 ] } },
{ "type": "Feature", "properties": { "flurname": "Hagenwis", "ziel": "kein Anschluss", "andock": "Gelände", "vergleich": "nicht verfolgt" }, "geometry": { "type": "Point", "coordinates": [ 2699957, 1266928 ] } },
{ "type": "Feature", "properties": { "flurname": "Hinderholzbach", "ziel": "kein Anschluss", "andock": "Gelände", "vergleich": "nicht verfolgt" }, "geometry": { "type": "Point", "coordinates": [ 2699193, 1266718 ] } },
{ "type": "Feature", "properties": { "flurname": "Lattenholzbächli", "ziel": "Rhein", "andock": "Gelände", "vergleich": "stimmt" }, "geometry": { "type": "Point", "coordinates": [ 2697312, 1267208 ] } },
{ "type": "Feature", "properties": { "flurname": "Oberwis", "ziel": "Rhein", "andock": "Gelände", "vergleich": "EZG ohne Namen" }, "geometry": { "type": "Point", "coordinates": [ 2699157, 1266355 ] } },
{ "type": "Feature", "properties": { "flurname": "Hermannsrüti", "ziel": "Rhein", "andock": "Gelände", "vergleich": "stimmt" }, "geometry": { "type": "Point", "coordinates": [ 2699107, 1254477 ] } },
{ "type": "Feature", "properties": { "flurname": "Gussli", "ziel": "Rhein", "andock": "Gelände", "vergleich": "stimmt" }, "geometry": { "type": "Point", "coordinates": [ 2699247, 1265968 ] } },
{ "type": "Feature", "properties": { "flurname": "Tannenrain", "ziel": "Nachbarkanton", "andock": "Gelände", "vergleich": "stimmt" }, "geometry": { "type": "Point", "coordinates": [ 2671163, 1264460 ] } },
{ "type": "Feature", "properties": { "flurname": "Erlenmoos", "ziel": "Nachbarkanton", "andock": "Gelände", "vergleich": "EZG ohne Namen" }, "geometry": { "type": "Point", "coordinates": [ 2671585, 1264148 ] } },
{ "type": "Feature", "properties": { "flurname": "Neuweg", "ziel": "Nachbarkanton", "andock": "Gelände", "vergleich": "EZG ohne Namen" }, "geometry": { "type": "Point", "coordinates": [ 2671728, 1263480 ] } },
{ "type": "Feature", "properties": { "flurname": "Mülibuck", "ziel": "Nachbarkanton", "andock": "Gelände", "vergleich": "EZG ohne Namen" }, "geometry": { "type": "Point", "coordinates": [ 2671647, 1263882 ] } },
{ "type": "Feature", "properties": { "flurname": "Hermannsrüti", "ziel": "Rhein", "andock": "Gelände", "vergleich": "stimmt" }, "geometry": { "type": "Point", "coordinates": [ 2699067, 1254513 ] } },
{ "type": "Feature", "properties": { "flurname": "Herrmannsrüti", "ziel": "Rhein", "andock": "Gelände", "vergleich": "stimmt" }, "geometry": { "type": "Point", "coordinates": [ 2699085, 1254533 ] } },
{ "type": "Feature", "properties": { "flurname": "Spiessenhauerbach", "ziel": "Limmat", "andock": "Gelände", "vergleich": "stimmt" }, "geometry": { "type": "Point", "coordinates": [ 2684129, 1233668 ] } },
{ "type": "Feature", "properties": { "flurname": "Rossfuessbach", "ziel": "Limmat", "andock": "Gelände", "vergleich": "stimmt" }, "geometry": { "type": "Point", "coordinates": [ 2684403, 1233625 ] } },
{ "type": "Feature", "properties": { "flurname": "Habersaatenhaubächli", "ziel": "Limmat", "andock": "Gelände", "vergleich": "stimmt" }, "geometry": { "type": "Point", "coordinates": [ 2684288, 1234020 ] } },
{ "type": "Feature", "properties": { "flurname": "Staubibodenbach", "ziel": "Limmat", "andock": "Gelände", "vergleich": "stimmt" }, "geometry": { "type": "Point", "coordinates": [ 2684037, 1234639 ] } },
{ "type": "Feature", "properties": { "flurname": "Schliffibach West", "ziel": "Limmat", "andock": "Gelände", "vergleich": "stimmt" }, "geometry": { "type": "Point", "coordinates": [ 2683732, 1234700 ] } },
{ "type": "Feature", "properties": { "flurname": "Schliffibach Ost", "ziel": "Limmat", "andock": "Gelände", "vergleich": "stimmt" }, "geometry": { "type": "Point", "coordinates": [ 2683870, 1234671 ] } },
{ "type": "Feature", "properties": { "flurname": "SteinereggbachSüd", "ziel": "Limmat", "andock": "Gelände", "vergleich": "stimmt" }, "geometry": { "type": "Point", "coordinates": [ 2683896, 1234025 ] } },
{ "type": "Feature", "properties": { "flurname": "Hauenbach Süd", "ziel": "Limmat", "andock": "Gelände", "vergleich": "stimmt" }, "geometry": { "type": "Point", "coordinates": [ 2683767, 1234293 ] } },
{ "type": "Feature", "properties": { "flurname": "Hauenbach Nord", "ziel": "Limmat", "andock": "Gelände", "vergleich": "stimmt" }, "geometry": { "type": "Point", "coordinates": [ 2683738, 1234387 ] } },
{ "type": "Feature", "properties": { "flurname": "Rohrbodenbach", "ziel": "Limmat", "andock": "Gelände", "vergleich": "stimmt" }, "geometry": { "type": "Point", "coordinates": [ 2683935, 1234329 ] } },
{ "type": "Feature", "properties": { "flurname": "Tomenrainbach", "ziel": "Limmat", "andock": "Gelände", "vergleich": "EZG ohne Namen" }, "geometry": { "type": "Point", "coordinates": [ 2683538, 1234557 ] } },
{ "type": "Feature", "properties": { "flurname": "Steinereggbach Nord", "ziel": "Limmat", "andock": "Gelände", "vergleich": "stimmt" }, "geometry": { "type": "Point", "coordinates": [ 2683810, 1234185 ] } },
{ "type": "Feature", "properties": { "flurname": "Engelsacher", "ziel": "Rhein", "andock": "Gelände", "vergleich": "stimmt" }, "geometry": { "type": "Point", "coordinates": [ 2698546, 1254462 ] } },
{ "type": "Feature", "properties": { "flurname": "Sennenwies", "ziel": "Rhein", "andock": "Gelände", "vergleich": "stimmt" }, "geometry": { "type": "Point", "coordinates": [ 2698033, 1254513 ] } },
{ "type": "Feature", "properties": { "flurname": "Hardstrigel / Hard", "ziel": "Rhein", "andock": "Gelände", "vergleich": "stimmt" }, "geometry": { "type": "Point", "coordinates": [ 2698740, 1254476 ] } },
{ "type": "Feature", "properties": { "flurname": "Mantel", "ziel": "Rhein", "andock": "Gelände", "vergleich": "stimmt" }, "geometry": { "type": "Point", "coordinates": [ 2698394, 1254160 ] } },
{ "type": "Feature", "properties": { "flurname": "Breitacher", "ziel": "Rhein", "andock": "Gelände", "vergleich": "stimmt" }, "geometry": { "type": "Point", "coordinates": [ 2698576, 1254920 ] } },
{ "type": "Feature", "properties": { "flurname": "Rüti", "ziel": "Nachbarkanton", "andock": "Gelände", "vergleich": "EZG ohne Namen" }, "geometry": { "type": "Point", "coordinates": [ 2672717, 1254889 ] } },
{ "type": "Feature", "properties": { "flurname": "Gisnest", "ziel": "Rhein", "andock": "Gelände", "vergleich": "stimmt" }, "geometry": { "type": "Point", "coordinates": [ 2698556, 1255098 ] } },
{ "type": "Feature", "properties": { "flurname": "Luetiker", "ziel": "Rhein", "andock": "Gelände", "vergleich": "stimmt" }, "geometry": { "type": "Point", "coordinates": [ 2698186, 1255386 ] } },
{ "type": "Feature", "properties": { "flurname": "Nägelsee", "ziel": "Rhein", "andock": "Gelände", "vergleich": "stimmt" }, "geometry": { "type": "Point", "coordinates": [ 2698721, 1255650 ] } },
{ "type": "Feature", "properties": { "flurname": "Pfruendholz", "ziel": "Rhein", "andock": "Gelände", "vergleich": "stimmt" }, "geometry": { "type": "Point", "coordinates": [ 2698710, 1255335 ] } },
{ "type": "Feature", "properties": { "flurname": "Äntenweiher", "ziel": "Rhein", "andock": "Gelände", "vergleich": "stimmt" }, "geometry": { "type": "Point", "coordinates": [ 2699035, 1255752 ] } },
{ "type": "Feature", "properties": { "flurname": "Nassenmatt", "ziel": "Rhein", "andock": "Gelände", "vergleich": "stimmt" }, "geometry": { "type": "Point", "coordinates": [ 2698979, 1255726 ] } },
{ "type": "Feature", "properties": { "flurname": "Steig", "ziel": "Rhein", "andock": "Gelände", "vergleich": "stimmt" }, "geometry": { "type": "Point", "coordinates": [ 2699670, 1255236 ] } },
{ "type": "Feature", "properties": { "flurname": "Unterwisen", "ziel": "kein Anschluss", "andock": "Gelände", "vergleich": "nicht verfolgt" }, "geometry": { "type": "Point", "coordinates": [ 2705603, 1243579 ] } },
{ "type": "Feature", "properties": { "flurname": "Breitenmatt", "ziel": "kein Anschluss", "andock": "Gelände", "vergleich": "nicht verfolgt" }, "geometry": { "type": "Point", "coordinates": [ 2706817, 1243021 ] } },
{ "type": "Feature", "properties": { "flurname": "Untere Stöckrüti", "ziel": "kein Anschluss", "andock": "Gelände", "vergleich": "nicht verfolgt" }, "geometry": { "type": "Point", "coordinates": [ 2708329, 1243112 ] } },
{ "type": "Feature", "properties": { "flurname": "Wallikertobelbach", "ziel": "kein Anschluss", "andock": "Gelände", "vergleich": "nicht verfolgt" }, "geometry": { "type": "Point", "coordinates": [ 2704078, 1248908 ] } },
{ "type": "Feature", "properties": { "flurname": "Balmenbächli", "ziel": "kein Anschluss", "andock": "Gelände", "vergleich": "nicht verfolgt" }, "geometry": { "type": "Point", "coordinates": [ 2704549, 1248560 ] } },
{ "type": "Feature", "properties": { "flurname": "Wallikerbach", "ziel": "kein Anschluss", "andock": "Gelände", "vergleich": "nicht verfolgt" }, "geometry": { "type": "Point", "coordinates": [ 2703461, 1248676 ] } },
{ "type": "Feature", "properties": { "flurname": "Halden", "ziel": "kein Anschluss", "andock": "Gelände", "vergleich": "nicht verfolgt" }, "geometry": { "type": "Point", "coordinates": [ 2699629, 1267376 ] } },
{ "type": "Feature", "properties": { "flurname": "Nachtweid", "ziel": "Nachbarkanton", "andock": "Gelände", "vergleich": "stimmt" }, "geometry": { "type": "Point", "coordinates": [ 2699945, 1267152 ] } },
{ "type": "Feature", "properties": { "flurname": "Nachtweid", "ziel": "Nachbarkanton", "andock": "Gelände", "vergleich": "stimmt" }, "geometry": { "type": "Point", "coordinates": [ 2699945, 1267152 ] } },
{ "type": "Feature", "properties": { "flurname": "Langenwegen", "ziel": "kein Anschluss", "andock": "Gelände", "vergleich": "nicht verfolgt" }, "geometry": { "type": "Point", "coordinates": [ 2709504, 1254092 ] } },
{ "type": "Feature", "properties": { "flurname": "Bäng", "ziel": "kein Anschluss", "andock": "Gelände", "vergleich": "nicht verfolgt" }, "geometry": { "type": "Point", "coordinates": [ 2709566, 1254178 ] } },
{ "type": "Feature", "properties": { "flurname": "Bäng", "ziel": "kein Anschluss", "andock": "Gelände", "vergleich": "nicht verfolgt" }, "geometry": { "type": "Point", "coordinates": [ 2709681, 1254218 ] } },
{ "type": "Feature", "properties": { "flurname": "Freienhof", "ziel": "Rhein", "andock": "Gelände", "vergleich": "EZG ohne Namen" }, "geometry": { "type": "Point", "coordinates": [ 2689649, 1262305 ] } },
{ "type": "Feature", "properties": { "flurname": "Tobel", "ziel": "Rhein", "andock": "Gelände", "vergleich": "EZG ohne Namen" }, "geometry": { "type": "Point", "coordinates": [ 2689743, 1262380 ] } },
{ "type": "Feature", "properties": { "flurname": "Schachenrain", "ziel": "Rhein", "andock": "Gelände", "vergleich": "EZG ohne Namen" }, "geometry": { "type": "Point", "coordinates": [ 2689572, 1262627 ] } },
{ "type": "Feature", "properties": { "flurname": "Wurzhalden", "ziel": "kein Anschluss", "andock": "Gelände", "vergleich": "nicht verfolgt" }, "geometry": { "type": "Point", "coordinates": [ 2688771, 1262798 ] } },
{ "type": "Feature", "properties": { "flurname": "Tannholz", "ziel": "Rhein", "andock": "Gelände", "vergleich": "EZG ohne Namen" }, "geometry": { "type": "Point", "coordinates": [ 2689186, 1262995 ] } },
{ "type": "Feature", "properties": { "flurname": "Mösli", "ziel": "Rhein", "andock": "Gelände, anderer Bach", "vergleich": "EZG ohne Namen" }, "geometry": { "type": "Point", "coordinates": [ 2689495, 1262935 ] } },
{ "type": "Feature", "properties": { "flurname": "Schachenrain", "ziel": "Rhein", "andock": "Gelände", "vergleich": "EZG ohne Namen" }, "geometry": { "type": "Point", "coordinates": [ 2689710, 1262984 ] } },
{ "type": "Feature", "properties": { "flurname": "Oberwisen", "ziel": "kein Anschluss", "andock": "Gelände", "vergleich": "nicht verfolgt" }, "geometry": { "type": "Point", "coordinates": [ 2689084, 1262058 ] } },
{ "type": "Feature", "properties": { "flurname": "Chapf", "ziel": "Nachbarkanton", "andock": "Gelände", "vergleich": "stimmt" }, "geometry": { "type": "Point", "coordinates": [ 2674684, 1254336 ] } },
{ "type": "Feature", "properties": { "flurname": "Vorderholzbächli", "ziel": "Rhein", "andock": "Gelände", "vergleich": "stimmt" }, "geometry": { "type": "Point", "coordinates": [ 2707747, 1256450 ] } },
{ "type": "Feature", "properties": { "flurname": "hinteres Berbergbächli", "ziel": "Rhein", "andock": "Gelände", "vergleich": "stimmt" }, "geometry": { "type": "Point", "coordinates": [ 2707220, 1256081 ] } },
{ "type": "Feature", "properties": { "flurname": "Sandlochbächli", "ziel": "Rhein", "andock": "Gelände", "vergleich": "stimmt" }, "geometry": { "type": "Point", "coordinates": [ 2706910, 1256268 ] } },
{ "type": "Feature", "properties": { "flurname": "Wisengrundbächli", "ziel": "Rhein", "andock": "Gelände", "vergleich": "stimmt" }, "geometry": { "type": "Point", "coordinates": [ 2706819, 1256210 ] } },
{ "type": "Feature", "properties": { "flurname": "Berbergbächli", "ziel": "Rhein", "andock": "Gelände", "vergleich": "stimmt" }, "geometry": { "type": "Point", "coordinates": [ 2707183, 1255914 ] } },
{ "type": "Feature", "properties": { "flurname": "Berbergwilerholzbächli", "ziel": "Rhein", "andock": "Gelände", "vergleich": "stimmt" }, "geometry": { "type": "Point", "coordinates": [ 2706674, 1255678 ] } },
{ "type": "Feature", "properties": { "flurname": "Buechhaldenbächli", "ziel": "Rhein", "andock": "Gelände", "vergleich": "stimmt" }, "geometry": { "type": "Point", "coordinates": [ 2706574, 1255669 ] } },
{ "type": "Feature", "properties": { "flurname": "Hoheneggweid", "ziel": "Rhein", "andock": "Gelände", "vergleich": "stimmt" }, "geometry": { "type": "Point", "coordinates": [ 2708359, 1245965 ] } },
{ "type": "Feature", "properties": { "flurname": "Wechselbach", "ziel": "kein Anschluss", "andock": "Gelände", "vergleich": "nicht verfolgt" }, "geometry": { "type": "Point", "coordinates": [ 2703575, 1236434 ] } },
{ "type": "Feature", "properties": { "flurname": "Wechselriet", "ziel": "kein Anschluss", "andock": "Gelände", "vergleich": "nicht verfolgt" }, "geometry": { "type": "Point", "coordinates": [ 2703772, 1236404 ] } },
{ "type": "Feature", "properties": { "flurname": "Lanzacherbächli", "ziel": "kein Anschluss", "andock": "Gelände", "vergleich": "nicht verfolgt" }, "geometry": { "type": "Point", "coordinates": [ 2703194, 1236785 ] } },
{ "type": "Feature", "properties": { "flurname": "Chnebelbächli", "ziel": "kein Anschluss", "andock": "Gelände", "vergleich": "nicht verfolgt" }, "geometry": { "type": "Point", "coordinates": [ 2702493, 1236503 ] } },
{ "type": "Feature", "properties": { "flurname": "Schwarzbach", "ziel": "kein Anschluss", "andock": "Gelände", "vergleich": "nicht verfolgt" }, "geometry": { "type": "Point", "coordinates": [ 2701810, 1236430 ] } },
{ "type": "Feature", "properties": { "flurname": "Hörnli", "ziel": "kein Anschluss", "andock": "Gelände", "vergleich": "nicht verfolgt" }, "geometry": { "type": "Point", "coordinates": [ 2674275, 1254125 ] } },
{ "type": "Feature", "properties": { "flurname": "Verbotner Hau", "ziel": "kein Anschluss", "andock": "Gelände", "vergleich": "nicht verfolgt" }, "geometry": { "type": "Point", "coordinates": [ 2674312, 1254225 ] } },
{ "type": "Feature", "properties": { "flurname": "Adletshuserrietbach", "ziel": "kein Anschluss", "andock": "Gelände", "vergleich": "nicht verfolgt" }, "geometry": { "type": "Point", "coordinates": [ 2701630, 1236043 ] } },
{ "type": "Feature", "properties": { "flurname": "Itziker Riet/Hinterbrugglen", "ziel": "zu weit vom Bach", "andock": "zu weit", "vergleich": "nicht verfolgt" }, "geometry": { "type": "Point", "coordinates": [ 2701801, 1237163 ] } },
{ "type": "Feature", "properties": { "flurname": "Itziker Riet", "ziel": "kein Anschluss", "andock": "Gelände", "vergleich": "nicht verfolgt" }, "geometry": { "type": "Point", "coordinates": [ 2702044, 1236996 ] } },
{ "type": "Feature", "properties": { "flurname": "Wolfenstrickbach", "ziel": "kein Anschluss", "andock": "Gelände", "vergleich": "nicht verfolgt" }, "geometry": { "type": "Point", "coordinates": [ 2702315, 1236955 ] } },
{ "type": "Feature", "properties": { "flurname": "Tannenmoos 1", "ziel": "Rhein", "andock": "Gelände", "vergleich": "stimmt" }, "geometry": { "type": "Point", "coordinates": [ 2705560, 1257750 ] } },
{ "type": "Feature", "properties": { "flurname": "Silberbrunne", "ziel": "Nachbarkanton", "andock": "Gelände", "vergleich": "EZG ohne Namen" }, "geometry": { "type": "Point", "coordinates": [ 2671586, 1264445 ] } },
{ "type": "Feature", "properties": { "flurname": "Gründ", "ziel": "Nachbarkanton", "andock": "Gelände", "vergleich": "stimmt" }, "geometry": { "type": "Point", "coordinates": [ 2709098, 1234917 ] } },
{ "type": "Feature", "properties": { "flurname": "Schuepisbächli", "ziel": "kein Anschluss", "andock": "Gelände", "vergleich": "nicht verfolgt" }, "geometry": { "type": "Point", "coordinates": [ 2704397, 1248513 ] } },
{ "type": "Feature", "properties": { "flurname": "Neuweid", "ziel": "Rhein", "andock": "Gelände", "vergleich": "stimmt" }, "geometry": { "type": "Point", "coordinates": [ 2708728, 1255989 ] } },
{ "type": "Feature", "properties": { "flurname": "Speck / Neuweid", "ziel": "Rhein", "andock": "Gelände", "vergleich": "stimmt" }, "geometry": { "type": "Point", "coordinates": [ 2708637, 1255920 ] } },
{ "type": "Feature", "properties": { "flurname": "Speck", "ziel": "Rhein", "andock": "Gelände", "vergleich": "stimmt" }, "geometry": { "type": "Point", "coordinates": [ 2708464, 1255869 ] } },
{ "type": "Feature", "properties": { "flurname": "Hasenhölzli", "ziel": "kein Anschluss", "andock": "Gelände", "vergleich": "nicht verfolgt" }, "geometry": { "type": "Point", "coordinates": [ 2708174, 1255741 ] } },
{ "type": "Feature", "properties": { "flurname": "Werchgrueb", "ziel": "Rhein", "andock": "Gelände", "vergleich": "stimmt" }, "geometry": { "type": "Point", "coordinates": [ 2708388, 1256291 ] } },
{ "type": "Feature", "properties": { "flurname": "Stockrüti", "ziel": "kein Anschluss", "andock": "Gelände", "vergleich": "nicht verfolgt" }, "geometry": { "type": "Point", "coordinates": [ 2674680, 1254105 ] } },
{ "type": "Feature", "properties": { "flurname": "Stockrüti", "ziel": "kein Anschluss", "andock": "Gelände", "vergleich": "nicht verfolgt" }, "geometry": { "type": "Point", "coordinates": [ 2674822, 1254056 ] } },
{ "type": "Feature", "properties": { "flurname": "Hinderwis", "ziel": "Rhein", "andock": "Gelände", "vergleich": "stimmt" }, "geometry": { "type": "Point", "coordinates": [ 2707687, 1256122 ] } },
{ "type": "Feature", "properties": { "flurname": "Chindentobel", "ziel": "Rhein", "andock": "Gelände", "vergleich": "stimmt" }, "geometry": { "type": "Point", "coordinates": [ 2707586, 1255356 ] } },
{ "type": "Feature", "properties": { "flurname": "Chindentobel", "ziel": "Rhein", "andock": "Gelände", "vergleich": "stimmt" }, "geometry": { "type": "Point", "coordinates": [ 2707508, 1255319 ] } },
{ "type": "Feature", "properties": { "flurname": "Lochwis", "ziel": "Nachbarkanton", "andock": "Gelände", "vergleich": "EZG ohne Namen" }, "geometry": { "type": "Point", "coordinates": [ 2711264, 1254828 ] } },
{ "type": "Feature", "properties": { "flurname": "Schochenergeten", "ziel": "Nachbarkanton", "andock": "Gelände", "vergleich": "EZG ohne Namen" }, "geometry": { "type": "Point", "coordinates": [ 2712016, 1254724 ] } },
{ "type": "Feature", "properties": { "flurname": "Schochenergeten", "ziel": "Nachbarkanton", "andock": "Gelände", "vergleich": "EZG ohne Namen" }, "geometry": { "type": "Point", "coordinates": [ 2712198, 1254725 ] } },
{ "type": "Feature", "properties": { "flurname": "Weid", "ziel": "Nachbarkanton", "andock": "Gelände", "vergleich": "EZG ohne Namen" }, "geometry": { "type": "Point", "coordinates": [ 2712521, 1254772 ] } },
{ "type": "Feature", "properties": { "flurname": "Weid", "ziel": "Nachbarkanton", "andock": "Gelände", "vergleich": "EZG ohne Namen" }, "geometry": { "type": "Point", "coordinates": [ 2712383, 1254812 ] } },
{ "type": "Feature", "properties": { "flurname": "Hasrüti", "ziel": "Rhein", "andock": "Gelände", "vergleich": "EZG ohne Namen" }, "geometry": { "type": "Point", "coordinates": [ 2687461, 1267210 ] } },
{ "type": "Feature", "properties": { "flurname": "Jegerbuck", "ziel": "Rhein", "andock": "Gelände", "vergleich": "EZG ohne Namen" }, "geometry": { "type": "Point", "coordinates": [ 2687324, 1267298 ] } },
{ "type": "Feature", "properties": { "flurname": "Tobel", "ziel": "Rhein", "andock": "Gelände", "vergleich": "EZG ohne Namen" }, "geometry": { "type": "Point", "coordinates": [ 2687179, 1267448 ] } },
{ "type": "Feature", "properties": { "flurname": "Obere Lee", "ziel": "Rhein", "andock": "Gelände", "vergleich": "stimmt" }, "geometry": { "type": "Point", "coordinates": [ 2685181, 1267802 ] } },
{ "type": "Feature", "properties": { "flurname": "Hermannsrüti", "ziel": "Rhein", "andock": "Gelände", "vergleich": "stimmt" }, "geometry": { "type": "Point", "coordinates": [ 2698936, 1254595 ] } },
{ "type": "Feature", "properties": { "flurname": "Lochweid", "ziel": "Rhein", "andock": "Gelände", "vergleich": "stimmt" }, "geometry": { "type": "Point", "coordinates": [ 2698949, 1254812 ] } },
{ "type": "Feature", "properties": { "flurname": "Lochweid", "ziel": "Rhein", "andock": "Gelände", "vergleich": "stimmt" }, "geometry": { "type": "Point", "coordinates": [ 2698978, 1254781 ] } },
{ "type": "Feature", "properties": { "flurname": "Stöckau", "ziel": "kein Anschluss", "andock": "Gelände", "vergleich": "nicht verfolgt" }, "geometry": { "type": "Point", "coordinates": [ 2675130, 1253959 ] } },
{ "type": "Feature", "properties": { "flurname": "Böld", "ziel": "kein Anschluss", "andock": "Gelände", "vergleich": "nicht verfolgt" }, "geometry": { "type": "Point", "coordinates": [ 2699278, 1253229 ] } },
{ "type": "Feature", "properties": { "flurname": "Böld", "ziel": "kein Anschluss", "andock": "Gelände", "vergleich": "nicht verfolgt" }, "geometry": { "type": "Point", "coordinates": [ 2699290, 1253246 ] } },
{ "type": "Feature", "properties": { "flurname": "Böld Ost", "ziel": "kein Anschluss", "andock": "Gelände", "vergleich": "nicht verfolgt" }, "geometry": { "type": "Point", "coordinates": [ 2699714, 1253314 ] } },
{ "type": "Feature", "properties": { "flurname": "Leiteren", "ziel": "kein Anschluss", "andock": "Gelände", "vergleich": "nicht verfolgt" }, "geometry": { "type": "Point", "coordinates": [ 2710910, 1254722 ] } },
{ "type": "Feature", "properties": { "flurname": "Leiteren", "ziel": "kein Anschluss", "andock": "Gelände", "vergleich": "nicht verfolgt" }, "geometry": { "type": "Point", "coordinates": [ 2710769, 1254550 ] } },
{ "type": "Feature", "properties": { "flurname": "Lochholz", "ziel": "kein Anschluss", "andock": "Gelände", "vergleich": "nicht verfolgt" }, "geometry": { "type": "Point", "coordinates": [ 2710784, 1254665 ] } },
{ "type": "Feature", "properties": { "flurname": "Leerüti", "ziel": "kein Anschluss", "andock": "Gelände", "vergleich": "nicht verfolgt" }, "geometry": { "type": "Point", "coordinates": [ 2710927, 1254974 ] } },
{ "type": "Feature", "properties": { "flurname": "Leiteren", "ziel": "kein Anschluss", "andock": "Gelände", "vergleich": "nicht verfolgt" }, "geometry": { "type": "Point", "coordinates": [ 2710565, 1254498 ] } },
{ "type": "Feature", "properties": { "flurname": "Schlatt", "ziel": "kein Anschluss", "andock": "Gelände", "vergleich": "nicht verfolgt" }, "geometry": { "type": "Point", "coordinates": [ 2710331, 1254480 ] } },
{ "type": "Feature", "properties": { "flurname": "Schlatt", "ziel": "kein Anschluss", "andock": "Gelände", "vergleich": "nicht verfolgt" }, "geometry": { "type": "Point", "coordinates": [ 2710346, 1254430 ] } },
{ "type": "Feature", "properties": { "flurname": "Schlatt", "ziel": "kein Anschluss", "andock": "Gelände", "vergleich": "nicht verfolgt" }, "geometry": { "type": "Point", "coordinates": [ 2710194, 1254604 ] } },
{ "type": "Feature", "properties": { "flurname": "Grueben", "ziel": "kein Anschluss", "andock": "Gelände", "vergleich": "nicht verfolgt" }, "geometry": { "type": "Point", "coordinates": [ 2710564, 1255332 ] } },
{ "type": "Feature", "properties": { "flurname": "Schlatt", "ziel": "kein Anschluss", "andock": "Gelände", "vergleich": "nicht verfolgt" }, "geometry": { "type": "Point", "coordinates": [ 2710213, 1254318 ] } },
{ "type": "Feature", "properties": { "flurname": "Taa", "ziel": "kein Anschluss", "andock": "Gelände", "vergleich": "nicht verfolgt" }, "geometry": { "type": "Point", "coordinates": [ 2708754, 1255589 ] } },
{ "type": "Feature", "properties": { "flurname": "Eschenmosenbach", "ziel": "Rhein", "andock": "Gelände", "vergleich": "stimmt" }, "geometry": { "type": "Point", "coordinates": [ 2684785, 1263605 ] } },
{ "type": "Feature", "properties": { "flurname": "Chanzlen", "ziel": "kein Anschluss", "andock": "Gelände", "vergleich": "nicht verfolgt" }, "geometry": { "type": "Point", "coordinates": [ 2675369, 1254017 ] } },
{ "type": "Feature", "properties": { "flurname": "Oberholz / Schlattwisen", "ziel": "Rhein", "andock": "Gelände", "vergleich": "EZG ohne Namen" }, "geometry": { "type": "Point", "coordinates": [ 2699775, 1270844 ] } },
{ "type": "Feature", "properties": { "flurname": "Gronenstunden", "ziel": "kein Anschluss", "andock": "Gelände", "vergleich": "nicht verfolgt" }, "geometry": { "type": "Point", "coordinates": [ 2700278, 1270991 ] } },
{ "type": "Feature", "properties": { "flurname": "Huebbach", "ziel": "Rhein", "andock": "Gelände", "vergleich": "EZG ohne Namen" }, "geometry": { "type": "Point", "coordinates": [ 2700486, 1270587 ] } },
{ "type": "Feature", "properties": { "flurname": "Schlattäcker", "ziel": "Rhein", "andock": "Gelände", "vergleich": "EZG ohne Namen" }, "geometry": { "type": "Point", "coordinates": [ 2700446, 1270360 ] } },
{ "type": "Feature", "properties": { "flurname": "Tobeläcker", "ziel": "Rhein", "andock": "Gelände", "vergleich": "EZG ohne Namen" }, "geometry": { "type": "Point", "coordinates": [ 2700994, 1269560 ] } },
{ "type": "Feature", "properties": { "flurname": "Chellerhöfli", "ziel": "Rhein", "andock": "Gelände", "vergleich": "EZG ohne Namen" }, "geometry": { "type": "Point", "coordinates": [ 2701828, 1269630 ] } },
{ "type": "Feature", "properties": { "flurname": "Gulditalgraben", "ziel": "kein Anschluss", "andock": "Gelände", "vergleich": "nicht verfolgt" }, "geometry": { "type": "Point", "coordinates": [ 2702527, 1268883 ] } },
{ "type": "Feature", "properties": { "flurname": "Auholzgraben", "ziel": "Nachbarkanton", "andock": "Gelände", "vergleich": "EZG ohne Namen" }, "geometry": { "type": "Point", "coordinates": [ 2701363, 1268339 ] } },
{ "type": "Feature", "properties": { "flurname": "Im Böndler", "ziel": "Nachbarkanton", "andock": "Gelände", "vergleich": "EZG ohne Namen" }, "geometry": { "type": "Point", "coordinates": [ 2701169, 1268233 ] } },
{ "type": "Feature", "properties": { "flurname": "Steinärgerengraben", "ziel": "Nachbarkanton", "andock": "Gelände", "vergleich": "EZG ohne Namen" }, "geometry": { "type": "Point", "coordinates": [ 2701366, 1268072 ] } },
{ "type": "Feature", "properties": { "flurname": "Huebwisengraben", "ziel": "Nachbarkanton", "andock": "Gelände", "vergleich": "EZG ohne Namen" }, "geometry": { "type": "Point", "coordinates": [ 2701679, 1267971 ] } },
{ "type": "Feature", "properties": { "flurname": "Weiergraben", "ziel": "Rhein", "andock": "Gelände", "vergleich": "EZG ohne Namen" }, "geometry": { "type": "Point", "coordinates": [ 2701621, 1268990 ] } },
{ "type": "Feature", "properties": { "flurname": "Hoheneggweid", "ziel": "Rhein", "andock": "Gelände", "vergleich": "stimmt" }, "geometry": { "type": "Point", "coordinates": [ 2708381, 1245963 ] } },
{ "type": "Feature", "properties": { "flurname": "Erlen", "ziel": "Rhein", "andock": "Gelände", "vergleich": "EZG ohne Namen" }, "geometry": { "type": "Point", "coordinates": [ 2708384, 1246460 ] } },
{ "type": "Feature", "properties": { "flurname": "Hindererlen", "ziel": "Rhein", "andock": "Gelände", "vergleich": "EZG ohne Namen" }, "geometry": { "type": "Point", "coordinates": [ 2708628, 1246275 ] } },
{ "type": "Feature", "properties": { "flurname": "Förlibuck", "ziel": "kein Anschluss", "andock": "Gelände", "vergleich": "nicht verfolgt" }, "geometry": { "type": "Point", "coordinates": [ 2688720, 1261996 ] } },
{ "type": "Feature", "properties": { "flurname": "Huebbächli", "ziel": "kein Anschluss", "andock": "Gelände", "vergleich": "nicht verfolgt" }, "geometry": { "type": "Point", "coordinates": [ 2700894, 1236027 ] } },
{ "type": "Feature", "properties": { "flurname": "Blanenbächli, Oberwald", "ziel": "Rhein", "andock": "Gelände", "vergleich": "EZG ohne Namen" }, "geometry": { "type": "Point", "coordinates": [ 2689110, 1263407 ] } },
{ "type": "Feature", "properties": { "flurname": "Oberwald", "ziel": "Rhein", "andock": "Gelände", "vergleich": "EZG ohne Namen" }, "geometry": { "type": "Point", "coordinates": [ 2688900, 1263565 ] } },
{ "type": "Feature", "properties": { "flurname": "Oberwald", "ziel": "Rhein", "andock": "Gelände", "vergleich": "EZG ohne Namen" }, "geometry": { "type": "Point", "coordinates": [ 2688571, 1263608 ] } },
{ "type": "Feature", "properties": { "flurname": "Oberwisen", "ziel": "kein Anschluss", "andock": "Gelände", "vergleich": "nicht verfolgt" }, "geometry": { "type": "Point", "coordinates": [ 2689023, 1262026 ] } },
{ "type": "Feature", "properties": { "flurname": "Schützenhaus Warpeln", "ziel": "kein Anschluss", "andock": "Gelände", "vergleich": "nicht verfolgt" }, "geometry": { "type": "Point", "coordinates": [ 2688415, 1262736 ] } },
{ "type": "Feature", "properties": { "flurname": "Schürweidligraben", "ziel": "Rhein", "andock": "Gelände", "vergleich": "stimmt" }, "geometry": { "type": "Point", "coordinates": [ 2704881, 1249333 ] } },
{ "type": "Feature", "properties": { "flurname": "Hermannsrüti ", "ziel": "Rhein", "andock": "Gelände", "vergleich": "stimmt" }, "geometry": { "type": "Point", "coordinates": [ 2699142, 1254361 ] } },
{ "type": "Feature", "properties": { "flurname": "Wüsttobelbach Süd", "ziel": "kein Anschluss", "andock": "Gelände", "vergleich": "nicht verfolgt" }, "geometry": { "type": "Point", "coordinates": [ 2684691, 1233145 ] } },
{ "type": "Feature", "properties": { "flurname": "Wüsttobelbach Mitte", "ziel": "kein Anschluss", "andock": "Gelände", "vergleich": "nicht verfolgt" }, "geometry": { "type": "Point", "coordinates": [ 2684609, 1233230 ] } },
{ "type": "Feature", "properties": { "flurname": "Turpenland", "ziel": "Rhein", "andock": "Gelände", "vergleich": "stimmt" }, "geometry": { "type": "Point", "coordinates": [ 2692215, 1240568 ] } },
{ "type": "Feature", "properties": { "flurname": "Chüelenmorgen", "ziel": "Limmat", "andock": "Gelände", "vergleich": "stimmt" }, "geometry": { "type": "Point", "coordinates": [ 2691635, 1240378 ] } },
{ "type": "Feature", "properties": { "flurname": "Zopfenriet", "ziel": "Limmat", "andock": "Gelände", "vergleich": "EZG ohne Namen" }, "geometry": { "type": "Point", "coordinates": [ 2691413, 1239678 ] } },
{ "type": "Feature", "properties": { "flurname": "Oberer Hebisenbach", "ziel": "Limmat", "andock": "Gelände", "vergleich": "stimmt" }, "geometry": { "type": "Point", "coordinates": [ 2685377, 1232945 ] } },
{ "type": "Feature", "properties": { "flurname": "Oberer Hebisenbach N", "ziel": "Limmat", "andock": "Gelände", "vergleich": "stimmt" }, "geometry": { "type": "Point", "coordinates": [ 2685387, 1232958 ] } },
{ "type": "Feature", "properties": { "flurname": "Detschwingen", "ziel": "Limmat", "andock": "Gelände", "vergleich": "EZG ohne Namen" }, "geometry": { "type": "Point", "coordinates": [ 2688717, 1245605 ] } },
{ "type": "Feature", "properties": { "flurname": "Rundibach", "ziel": "Limmat", "andock": "Gelände", "vergleich": "stimmt" }, "geometry": { "type": "Point", "coordinates": [ 2693942, 1236704 ] } },
{ "type": "Feature", "properties": { "flurname": "Rorgenmas", "ziel": "kein Anschluss", "andock": "Gelände", "vergleich": "nicht verfolgt" }, "geometry": { "type": "Point", "coordinates": [ 2677720, 1239953 ] } },
{ "type": "Feature", "properties": { "flurname": "Erlen", "ziel": "Rhein", "andock": "Gelände", "vergleich": "EZG ohne Namen" }, "geometry": { "type": "Point", "coordinates": [ 2708414, 1246254 ] } },
{ "type": "Feature", "properties": { "flurname": "Heubergbach, Vorbüel", "ziel": "Rhein", "andock": "Gelände", "vergleich": "abweichend" }, "geometry": { "type": "Point", "coordinates": [ 2692280, 1241211 ] } },
{ "type": "Feature", "properties": { "flurname": "Forren", "ziel": "Nachbarkanton", "andock": "Gelände", "vergleich": "stimmt" }, "geometry": { "type": "Point", "coordinates": [ 2673940, 1254842 ] } },
{ "type": "Feature", "properties": { "flurname": "Hell", "ziel": "Limmat", "andock": "Gelände", "vergleich": "EZG ohne Namen" }, "geometry": { "type": "Point", "coordinates": [ 2673522, 1243900 ] } },
{ "type": "Feature", "properties": { "flurname": "Loch", "ziel": "Nachbarkanton", "andock": "Gelände", "vergleich": "EZG ohne Namen" }, "geometry": { "type": "Point", "coordinates": [ 2672777, 1258939 ] } },
{ "type": "Feature", "properties": { "flurname": "Im gälen Rain", "ziel": "Nachbarkanton", "andock": "Gelände", "vergleich": "EZG ohne Namen" }, "geometry": { "type": "Point", "coordinates": [ 2674323, 1257738 ] } },
{ "type": "Feature", "properties": { "flurname": "Murholzbach, Im Gibel", "ziel": "Rhein", "andock": "Gelände", "vergleich": "EZG ohne Namen" }, "geometry": { "type": "Point", "coordinates": [ 2691501, 1246205 ] } },
{ "type": "Feature", "properties": { "flurname": "Lätten, Pfifferwis", "ziel": "Rhein", "andock": "Gelände", "vergleich": "abweichend" }, "geometry": { "type": "Point", "coordinates": [ 2693315, 1242225 ] } },
{ "type": "Feature", "properties": { "flurname": "Zinggenweid", "ziel": "Nachbarkanton", "andock": "Gelände", "vergleich": "EZG ohne Namen" }, "geometry": { "type": "Point", "coordinates": [ 2673682, 1257718 ] } },
{ "type": "Feature", "properties": { "flurname": "Im verlorenen Hölzli", "ziel": "Nachbarkanton", "andock": "Gelände", "vergleich": "EZG ohne Namen" }, "geometry": { "type": "Point", "coordinates": [ 2673763, 1258746 ] } },
{ "type": "Feature", "properties": { "flurname": "Im verlorenen Hölzli", "ziel": "Nachbarkanton", "andock": "Gelände", "vergleich": "EZG ohne Namen" }, "geometry": { "type": "Point", "coordinates": [ 2673851, 1258767 ] } },
{ "type": "Feature", "properties": { "flurname": "Bacheren", "ziel": "Nachbarkanton", "andock": "Gelände", "vergleich": "EZG ohne Namen" }, "geometry": { "type": "Point", "coordinates": [ 2673134, 1258918 ] } },
{ "type": "Feature", "properties": { "flurname": "Lochmoos", "ziel": "Nachbarkanton", "andock": "Gelände", "vergleich": "EZG ohne Namen" }, "geometry": { "type": "Point", "coordinates": [ 2672790, 1259145 ] } },
{ "type": "Feature", "properties": { "flurname": "Loch", "ziel": "kein Anschluss", "andock": "Gelände", "vergleich": "nicht verfolgt" }, "geometry": { "type": "Point", "coordinates": [ 2672775, 1258855 ] } },
{ "type": "Feature", "properties": { "flurname": "Setzirain", "ziel": "Rhein", "andock": "Gelände", "vergleich": "stimmt" }, "geometry": { "type": "Point", "coordinates": [ 2685458, 1269325 ] } },
{ "type": "Feature", "properties": { "flurname": "Untertobel", "ziel": "Rhein", "andock": "Gelände", "vergleich": "stimmt" }, "geometry": { "type": "Point", "coordinates": [ 2685406, 1269069 ] } },
{ "type": "Feature", "properties": { "flurname": "Schlossbuck", "ziel": "Rhein", "andock": "Gelände", "vergleich": "stimmt" }, "geometry": { "type": "Point", "coordinates": [ 2685630, 1268720 ] } },
{ "type": "Feature", "properties": { "flurname": "Schlossbuck", "ziel": "Rhein", "andock": "Gelände", "vergleich": "stimmt" }, "geometry": { "type": "Point", "coordinates": [ 2685453, 1268687 ] } },
{ "type": "Feature", "properties": { "flurname": "Retigbuck", "ziel": "Rhein", "andock": "Gelände", "vergleich": "stimmt" }, "geometry": { "type": "Point", "coordinates": [ 2685274, 1268484 ] } },
{ "type": "Feature", "properties": { "flurname": "Chli Rüteli", "ziel": "Rhein", "andock": "Gelände", "vergleich": "stimmt" }, "geometry": { "type": "Point", "coordinates": [ 2684865, 1268184 ] } },
{ "type": "Feature", "properties": { "flurname": "Hinderweid", "ziel": "Nachbarkanton", "andock": "Gelände", "vergleich": "stimmt" }, "geometry": { "type": "Point", "coordinates": [ 2705177, 1237982 ] } },
{ "type": "Feature", "properties": { "flurname": "Schneehalden/Tamelriet", "ziel": "Nachbarkanton", "andock": "Gelände", "vergleich": "stimmt" }, "geometry": { "type": "Point", "coordinates": [ 2705898, 1237933 ] } },
{ "type": "Feature", "properties": { "flurname": "Freecht/Berenbach", "ziel": "Nachbarkanton", "andock": "Gelände", "vergleich": "stimmt" }, "geometry": { "type": "Point", "coordinates": [ 2704889, 1238909 ] } },
{ "type": "Feature", "properties": { "flurname": "Heidelbeerhölzli", "ziel": "Nachbarkanton", "andock": "Gelände", "vergleich": "stimmt" }, "geometry": { "type": "Point", "coordinates": [ 2705722, 1238412 ] } },
{ "type": "Feature", "properties": { "flurname": "Mostbach, Oberhöflerriet", "ziel": "Rhein", "andock": "Gelände", "vergleich": "stimmt" }, "geometry": { "type": "Point", "coordinates": [ 2703956, 1239253 ] } },
{ "type": "Feature", "properties": { "flurname": "Pfaffenholz/Hinwiler Riet", "ziel": "Rhein", "andock": "Gelände", "vergleich": "stimmt" }, "geometry": { "type": "Point", "coordinates": [ 2704463, 1239258 ] } },
{ "type": "Feature", "properties": { "flurname": "Mostbach, Bönerlerriet/Ambitzgiriet", "ziel": "zu weit vom Bach", "andock": "zu weit", "vergleich": "nicht verfolgt" }, "geometry": { "type": "Point", "coordinates": [ 2702811, 1240219 ] } },
{ "type": "Feature", "properties": { "flurname": "Heidelbeerhölzli", "ziel": "Nachbarkanton", "andock": "Gelände", "vergleich": "stimmt" }, "geometry": { "type": "Point", "coordinates": [ 2705697, 1238572 ] } },
{ "type": "Feature", "properties": { "flurname": "Schweipelriet", "ziel": "Nachbarkanton", "andock": "Gelände", "vergleich": "stimmt" }, "geometry": { "type": "Point", "coordinates": [ 2705535, 1238563 ] } },
{ "type": "Feature", "properties": { "flurname": "Schweipelriet", "ziel": "Nachbarkanton", "andock": "Gelände", "vergleich": "stimmt" }, "geometry": { "type": "Point", "coordinates": [ 2705498, 1238668 ] } },
{ "type": "Feature", "properties": { "flurname": "Underi Bergweid", "ziel": "Limmat", "andock": "Gelände", "vergleich": "stimmt" }, "geometry": { "type": "Point", "coordinates": [ 2692379, 1239207 ] } },
{ "type": "Feature", "properties": { "flurname": "Bergwis", "ziel": "Limmat", "andock": "Gelände", "vergleich": "EZG ohne Namen" }, "geometry": { "type": "Point", "coordinates": [ 2692593, 1238897 ] } },
{ "type": "Feature", "properties": { "flurname": "Bergwis", "ziel": "Limmat", "andock": "Gelände", "vergleich": "EZG ohne Namen" }, "geometry": { "type": "Point", "coordinates": [ 2692695, 1238889 ] } },
{ "type": "Feature", "properties": { "flurname": "Matt", "ziel": "Limmat", "andock": "Gelände", "vergleich": "stimmt" }, "geometry": { "type": "Point", "coordinates": [ 2693024, 1238166 ] } },
{ "type": "Feature", "properties": { "flurname": "Eichhalden", "ziel": "Limmat", "andock": "Gelände", "vergleich": "stimmt" }, "geometry": { "type": "Point", "coordinates": [ 2692848, 1238183 ] } },
{ "type": "Feature", "properties": { "flurname": "Chäliächerli", "ziel": "kein Anschluss", "andock": "Gelände", "vergleich": "nicht verfolgt" }, "geometry": { "type": "Point", "coordinates": [ 2692373, 1237811 ] } },
{ "type": "Feature", "properties": { "flurname": "Islenbach, Vorbühl", "ziel": "Rhein", "andock": "Gelände", "vergleich": "EZG ohne Namen" }, "geometry": { "type": "Point", "coordinates": [ 2692209, 1241336 ] } },
{ "type": "Feature", "properties": { "flurname": "Sponstürli", "ziel": "Rhein", "andock": "Gelände", "vergleich": "EZG ohne Namen" }, "geometry": { "type": "Point", "coordinates": [ 2692962, 1242836 ] } },
{ "type": "Feature", "properties": { "flurname": "Stuelenbach", "ziel": "Rhein", "andock": "Gelände", "vergleich": "EZG ohne Namen" }, "geometry": { "type": "Point", "coordinates": [ 2691637, 1245991 ] } },
{ "type": "Feature", "properties": { "flurname": "Dattenbach, Huehrain", "ziel": "Rhein", "andock": "Gelände", "vergleich": "EZG ohne Namen" }, "geometry": { "type": "Point", "coordinates": [ 2692467, 1243814 ] } },
{ "type": "Feature", "properties": { "flurname": "Gringlenbach, Maur", "ziel": "Rhein", "andock": "Gelände", "vergleich": "stimmt" }, "geometry": { "type": "Point", "coordinates": [ 2692630, 1243168 ] } },
{ "type": "Feature", "properties": { "flurname": "Rütibach, Rüti", "ziel": "Rhein", "andock": "Gelände", "vergleich": "stimmt" }, "geometry": { "type": "Point", "coordinates": [ 2691108, 1245792 ] } },
{ "type": "Feature", "properties": { "flurname": "Guldenen", "ziel": "Rhein", "andock": "Gelände", "vergleich": "EZG ohne Namen" }, "geometry": { "type": "Point", "coordinates": [ 2692890, 1240003 ] } },
{ "type": "Feature", "properties": { "flurname": "Bodenbach", "ziel": "Rhein", "andock": "Gelände", "vergleich": "EZG ohne Namen" }, "geometry": { "type": "Point", "coordinates": [ 2693221, 1240350 ] } },
{ "type": "Feature", "properties": { "flurname": "Bodenbach 2", "ziel": "Rhein", "andock": "Gelände", "vergleich": "EZG ohne Namen" }, "geometry": { "type": "Point", "coordinates": [ 2693226, 1240354 ] } },
{ "type": "Feature", "properties": { "flurname": "Morchlenbach", "ziel": "Rhein", "andock": "Gelände", "vergleich": "EZG ohne Namen" }, "geometry": { "type": "Point", "coordinates": [ 2693075, 1240679 ] } },
{ "type": "Feature", "properties": { "flurname": "Morchlenbach 2", "ziel": "Rhein", "andock": "Gelände", "vergleich": "EZG ohne Namen" }, "geometry": { "type": "Point", "coordinates": [ 2693060, 1240682 ] } },
{ "type": "Feature", "properties": { "flurname": "Horchrüti", "ziel": "Nachbarkanton", "andock": "Gelände", "vergleich": "stimmt" }, "geometry": { "type": "Point", "coordinates": [ 2674067, 1254552 ] } },
{ "type": "Feature", "properties": { "flurname": "Breitenrain", "ziel": "Nachbarkanton", "andock": "Gelände", "vergleich": "stimmt" }, "geometry": { "type": "Point", "coordinates": [ 2711096, 1235509 ] } },
{ "type": "Feature", "properties": { "flurname": "Batzberg", "ziel": "kein Anschluss", "andock": "Gelände", "vergleich": "nicht verfolgt" }, "geometry": { "type": "Point", "coordinates": [ 2710497, 1235850 ] } },
{ "type": "Feature", "properties": { "flurname": "Brändlen", "ziel": "kein Anschluss", "andock": "Gelände", "vergleich": "nicht verfolgt" }, "geometry": { "type": "Point", "coordinates": [ 2709759, 1236439 ] } },
{ "type": "Feature", "properties": { "flurname": "Batzberg", "ziel": "kein Anschluss", "andock": "Gelände", "vergleich": "nicht verfolgt" }, "geometry": { "type": "Point", "coordinates": [ 2711124, 1235820 ] } },
{ "type": "Feature", "properties": { "flurname": "Glattholz", "ziel": "kein Anschluss", "andock": "Gelände", "vergleich": "nicht verfolgt" }, "geometry": { "type": "Point", "coordinates": [ 2711275, 1235955 ] } },
{ "type": "Feature", "properties": { "flurname": "Hindernord", "ziel": "kein Anschluss", "andock": "Gelände", "vergleich": "nicht verfolgt" }, "geometry": { "type": "Point", "coordinates": [ 2711537, 1236129 ] } },
{ "type": "Feature", "properties": { "flurname": "Unterbuechenhau", "ziel": "Rhein", "andock": "Gelände", "vergleich": "stimmt" }, "geometry": { "type": "Point", "coordinates": [ 2686836, 1268246 ] } },
{ "type": "Feature", "properties": { "flurname": "Buechen", "ziel": "Rhein", "andock": "Gelände", "vergleich": "stimmt" }, "geometry": { "type": "Point", "coordinates": [ 2686738, 1268100 ] } },
{ "type": "Feature", "properties": { "flurname": "Esch", "ziel": "Rhein", "andock": "Gelände", "vergleich": "stimmt" }, "geometry": { "type": "Point", "coordinates": [ 2686642, 1268143 ] } },
{ "type": "Feature", "properties": { "flurname": "Esch", "ziel": "Rhein", "andock": "Gelände", "vergleich": "stimmt" }, "geometry": { "type": "Point", "coordinates": [ 2686598, 1268233 ] } },
{ "type": "Feature", "properties": { "flurname": "Behalden / Irchel Ebersberg", "ziel": "Rhein", "andock": "Gelände", "vergleich": "stimmt" }, "geometry": { "type": "Point", "coordinates": [ 2686503, 1268218 ] } },
{ "type": "Feature", "properties": { "flurname": "Behalden / Irchel Ebersberg", "ziel": "Rhein", "andock": "Gelände", "vergleich": "stimmt" }, "geometry": { "type": "Point", "coordinates": [ 2686521, 1268242 ] } },
{ "type": "Feature", "properties": { "flurname": "Bilghau", "ziel": "Rhein", "andock": "Gelände", "vergleich": "stimmt" }, "geometry": { "type": "Point", "coordinates": [ 2686373, 1268383 ] } },
{ "type": "Feature", "properties": { "flurname": "Bilghau", "ziel": "Rhein", "andock": "Gelände", "vergleich": "stimmt" }, "geometry": { "type": "Point", "coordinates": [ 2686320, 1268277 ] } },
{ "type": "Feature", "properties": { "flurname": "Ebnet", "ziel": "Rhein", "andock": "Gelände", "vergleich": "stimmt" }, "geometry": { "type": "Point", "coordinates": [ 2685434, 1269316 ] } },
{ "type": "Feature", "properties": { "flurname": "Waldhüttenbach", "ziel": "Rhein", "andock": "Gelände", "vergleich": "EZG ohne Namen" }, "geometry": { "type": "Point", "coordinates": [ 2693098, 1239699 ] } },
{ "type": "Feature", "properties": { "flurname": "Schlattwis", "ziel": "Limmat", "andock": "Gelände", "vergleich": "stimmt" }, "geometry": { "type": "Point", "coordinates": [ 2675787, 1248827 ] } },
{ "type": "Feature", "properties": { "flurname": "Schlattwis", "ziel": "Limmat", "andock": "Gelände", "vergleich": "stimmt" }, "geometry": { "type": "Point", "coordinates": [ 2675742, 1248796 ] } },
{ "type": "Feature", "properties": { "flurname": "Härdler", "ziel": "Limmat", "andock": "Gelände", "vergleich": "stimmt" }, "geometry": { "type": "Point", "coordinates": [ 2676046, 1248940 ] } },
{ "type": "Feature", "properties": { "flurname": "Stigenacher", "ziel": "Limmat", "andock": "Gelände", "vergleich": "stimmt" }, "geometry": { "type": "Point", "coordinates": [ 2676162, 1249237 ] } },
{ "type": "Feature", "properties": { "flurname": "Im alten Tätsch", "ziel": "kein Anschluss", "andock": "Gelände", "vergleich": "nicht verfolgt" }, "geometry": { "type": "Point", "coordinates": [ 2673057, 1254983 ] } },
{ "type": "Feature", "properties": { "flurname": "Steinacher", "ziel": "kein Anschluss", "andock": "Gelände", "vergleich": "nicht verfolgt" }, "geometry": { "type": "Point", "coordinates": [ 2673338, 1254118 ] } },
{ "type": "Feature", "properties": { "flurname": "Altrüti", "ziel": "kein Anschluss", "andock": "Gelände", "vergleich": "nicht verfolgt" }, "geometry": { "type": "Point", "coordinates": [ 2673178, 1254925 ] } },
{ "type": "Feature", "properties": { "flurname": "Hinderaltrüti", "ziel": "Nachbarkanton", "andock": "Gelände", "vergleich": "stimmt" }, "geometry": { "type": "Point", "coordinates": [ 2673682, 1254840 ] } },
{ "type": "Feature", "properties": { "flurname": "Erlenrain", "ziel": "kein Anschluss", "andock": "Gelände", "vergleich": "nicht verfolgt" }, "geometry": { "type": "Point", "coordinates": [ 2672186, 1254112 ] } },
{ "type": "Feature", "properties": { "flurname": "Geigelmoos", "ziel": "Nachbarkanton", "andock": "Gelände", "vergleich": "stimmt" }, "geometry": { "type": "Point", "coordinates": [ 2673494, 1254905 ] } },
{ "type": "Feature", "properties": { "flurname": "Forren", "ziel": "Nachbarkanton", "andock": "Gelände", "vergleich": "stimmt" }, "geometry": { "type": "Point", "coordinates": [ 2673862, 1254856 ] } },
{ "type": "Feature", "properties": { "flurname": "Zufluss - Dachsbodenbächli", "ziel": "Rhein", "andock": "Gelände", "vergleich": "stimmt" }, "geometry": { "type": "Point", "coordinates": [ 2706421, 1255576 ] } },
{ "type": "Feature", "properties": { "flurname": "Dachsbodenbächli", "ziel": "Rhein", "andock": "Gelände", "vergleich": "stimmt" }, "geometry": { "type": "Point", "coordinates": [ 2706329, 1255485 ] } },
{ "type": "Feature", "properties": { "flurname": "Fülliweidbach", "ziel": "Rhein", "andock": "Gelände", "vergleich": "stimmt" }, "geometry": { "type": "Point", "coordinates": [ 2708120, 1257115 ] } },
{ "type": "Feature", "properties": { "flurname": "In alten Buechen", "ziel": "kein Anschluss", "andock": "Gelände", "vergleich": "nicht verfolgt" }, "geometry": { "type": "Point", "coordinates": [ 2674495, 1258823 ] } },
{ "type": "Feature", "properties": { "flurname": "Rigihöger", "ziel": "Nachbarkanton", "andock": "Gelände", "vergleich": "EZG ohne Namen" }, "geometry": { "type": "Point", "coordinates": [ 2673971, 1258148 ] } },
{ "type": "Feature", "properties": { "flurname": "Tüfelslochbächli", "ziel": "Nachbarkanton", "andock": "Gelände", "vergleich": "EZG ohne Namen" }, "geometry": { "type": "Point", "coordinates": [ 2674073, 1257390 ] } },
{ "type": "Feature", "properties": { "flurname": "Holzerwisen", "ziel": "Nachbarkanton", "andock": "Gelände", "vergleich": "stimmt" }, "geometry": { "type": "Point", "coordinates": [ 2670332, 1257322 ] } },
{ "type": "Feature", "properties": { "flurname": "Sandacher", "ziel": "Nachbarkanton", "andock": "Gelände", "vergleich": "EZG ohne Namen" }, "geometry": { "type": "Point", "coordinates": [ 2673246, 1258943 ] } },
{ "type": "Feature", "properties": { "flurname": "Sandacher", "ziel": "Nachbarkanton", "andock": "Gelände", "vergleich": "EZG ohne Namen" }, "geometry": { "type": "Point", "coordinates": [ 2673291, 1258946 ] } },
{ "type": "Feature", "properties": { "flurname": "Bergweid", "ziel": "Limmat", "andock": "Gelände", "vergleich": "stimmt" }, "geometry": { "type": "Point", "coordinates": [ 2692134, 1239568 ] } },
{ "type": "Feature", "properties": { "flurname": "Bergweid", "ziel": "Limmat", "andock": "Gelände", "vergleich": "stimmt" }, "geometry": { "type": "Point", "coordinates": [ 2692248, 1239395 ] } },
{ "type": "Feature", "properties": { "flurname": "Underi Bergweid", "ziel": "Limmat", "andock": "Gelände", "vergleich": "stimmt" }, "geometry": { "type": "Point", "coordinates": [ 2692425, 1239140 ] } },
{ "type": "Feature", "properties": { "flurname": "Underi Betgweid", "ziel": "Limmat", "andock": "Gelände", "vergleich": "stimmt" }, "geometry": { "type": "Point", "coordinates": [ 2692162, 1239135 ] } },
{ "type": "Feature", "properties": { "flurname": "Stollenwies", "ziel": "Limmat", "andock": "Gelände", "vergleich": "EZG ohne Namen" }, "geometry": { "type": "Point", "coordinates": [ 2692939, 1238519 ] } },
{ "type": "Feature", "properties": { "flurname": "Cholrüti", "ziel": "Limmat", "andock": "Gelände", "vergleich": "EZG ohne Namen" }, "geometry": { "type": "Point", "coordinates": [ 2692567, 1239080 ] } },
{ "type": "Feature", "properties": { "flurname": "Gruehalden", "ziel": "Limmat", "andock": "Gelände", "vergleich": "stimmt" }, "geometry": { "type": "Point", "coordinates": [ 2673541, 1243659 ] } },
{ "type": "Feature", "properties": { "flurname": "Rossweid", "ziel": "Limmat", "andock": "Gelände", "vergleich": "EZG ohne Namen" }, "geometry": { "type": "Point", "coordinates": [ 2673011, 1244241 ] } },
{ "type": "Feature", "properties": { "flurname": "Gättiken", "ziel": "Limmat", "andock": "Gelände", "vergleich": "stimmt" }, "geometry": { "type": "Point", "coordinates": [ 2676272, 1244090 ] } },
{ "type": "Feature", "properties": { "flurname": "Schauber", "ziel": "Limmat", "andock": "Gelände", "vergleich": "stimmt" }, "geometry": { "type": "Point", "coordinates": [ 2674571, 1244450 ] } },
{ "type": "Feature", "properties": { "flurname": "Wistigbach", "ziel": "Nachbarkanton", "andock": "Gelände", "vergleich": "stimmt" }, "geometry": { "type": "Point", "coordinates": [ 2681378, 1230792 ] } },
{ "type": "Feature", "properties": { "flurname": "Wislig", "ziel": "Nachbarkanton", "andock": "Gelände, anderer Bach", "vergleich": "stimmt" }, "geometry": { "type": "Point", "coordinates": [ 2681457, 1230974 ] } },
{ "type": "Feature", "properties": { "flurname": "Wislig", "ziel": "Reuss", "andock": "Gelände", "vergleich": "stimmt" }, "geometry": { "type": "Point", "coordinates": [ 2681229, 1231071 ] } },
{ "type": "Feature", "properties": { "flurname": "Hametsmoos", "ziel": "Rhein", "andock": "Gelände", "vergleich": "EZG ohne Namen" }, "geometry": { "type": "Point", "coordinates": [ 2695602, 1240268 ] } },
{ "type": "Feature", "properties": { "flurname": "Hametsmoos", "ziel": "Rhein", "andock": "Gelände", "vergleich": "EZG ohne Namen" }, "geometry": { "type": "Point", "coordinates": [ 2695690, 1240224 ] } },
{ "type": "Feature", "properties": { "flurname": "Hostig", "ziel": "Rhein", "andock": "Gelände", "vergleich": "EZG ohne Namen" }, "geometry": { "type": "Point", "coordinates": [ 2695265, 1240612 ] } },
{ "type": "Feature", "properties": { "flurname": "Ankental", "ziel": "Rhein", "andock": "Gelände", "vergleich": "stimmt" }, "geometry": { "type": "Point", "coordinates": [ 2695117, 1240755 ] } },
{ "type": "Feature", "properties": { "flurname": "Breitacher", "ziel": "Rhein", "andock": "Gelände", "vergleich": "EZG ohne Namen" }, "geometry": { "type": "Point", "coordinates": [ 2695223, 1240279 ] } },
{ "type": "Feature", "properties": { "flurname": "Lättenholz", "ziel": "Rhein", "andock": "Gelände", "vergleich": "EZG ohne Namen" }, "geometry": { "type": "Point", "coordinates": [ 2695279, 1240235 ] } },
{ "type": "Feature", "properties": { "flurname": "Unterhalden", "ziel": "Rhein", "andock": "Gelände", "vergleich": "stimmt" }, "geometry": { "type": "Point", "coordinates": [ 2694956, 1241198 ] } },
{ "type": "Feature", "properties": { "flurname": "Güetli", "ziel": "Rhein", "andock": "Gelände", "vergleich": "EZG ohne Namen" }, "geometry": { "type": "Point", "coordinates": [ 2694139, 1240912 ] } },
{ "type": "Feature", "properties": { "flurname": "Neuguetholz", "ziel": "Rhein", "andock": "Gelände", "vergleich": "EZG ohne Namen" }, "geometry": { "type": "Point", "coordinates": [ 2694643, 1241053 ] } },
{ "type": "Feature", "properties": { "flurname": "Stockrüti", "ziel": "Rhein", "andock": "Gelände", "vergleich": "EZG ohne Namen" }, "geometry": { "type": "Point", "coordinates": [ 2693877, 1241322 ] } },
{ "type": "Feature", "properties": { "flurname": "Rüteli", "ziel": "Rhein", "andock": "Gelände", "vergleich": "EZG ohne Namen" }, "geometry": { "type": "Point", "coordinates": [ 2694343, 1241812 ] } },
{ "type": "Feature", "properties": { "flurname": "Erlenbrunnen", "ziel": "Nachbarkanton", "andock": "Gelände", "vergleich": "stimmt" }, "geometry": { "type": "Point", "coordinates": [ 2673228, 1265257 ] } },
{ "type": "Feature", "properties": { "flurname": "Eigental", "ziel": "Rhein", "andock": "Gelände", "vergleich": "stimmt" }, "geometry": { "type": "Point", "coordinates": [ 2678811, 1256762 ] } },
{ "type": "Feature", "properties": { "flurname": "Johannisburg", "ziel": "Limmat", "andock": "Gelände", "vergleich": "stimmt" }, "geometry": { "type": "Point", "coordinates": [ 2688171, 1242251 ] } },
{ "type": "Feature", "properties": { "flurname": "Lättenbächli_2", "ziel": "Limmat", "andock": "Gelände", "vergleich": "stimmt" }, "geometry": { "type": "Point", "coordinates": [ 2688724, 1242775 ] } },
{ "type": "Feature", "properties": { "flurname": "Tisenriedbächli", "ziel": "kein Anschluss", "andock": "Gelände", "vergleich": "nicht verfolgt" }, "geometry": { "type": "Point", "coordinates": [ 2705715, 1245669 ] } },
{ "type": "Feature", "properties": { "flurname": "Böschen", "ziel": "Rhein", "andock": "Gelände", "vergleich": "stimmt" }, "geometry": { "type": "Point", "coordinates": [ 2692515, 1247748 ] } },
{ "type": "Feature", "properties": { "flurname": "Steibruch", "ziel": "zu weit vom Bach", "andock": "zu weit", "vergleich": "nicht verfolgt" }, "geometry": { "type": "Point", "coordinates": [ 2680295, 1255220 ] } },
{ "type": "Feature", "properties": { "flurname": "Gunzwil", "ziel": "Nachbarkanton", "andock": "Gelände", "vergleich": "stimmt" }, "geometry": { "type": "Point", "coordinates": [ 2680991, 1255338 ] } },
{ "type": "Feature", "properties": { "flurname": "Forenwis", "ziel": "Rhein", "andock": "Gelände", "vergleich": "stimmt" }, "geometry": { "type": "Point", "coordinates": [ 2691207, 1243743 ] } },
{ "type": "Feature", "properties": { "flurname": "Forenwis", "ziel": "Rhein", "andock": "Gelände", "vergleich": "stimmt" }, "geometry": { "type": "Point", "coordinates": [ 2691104, 1243882 ] } },
{ "type": "Feature", "properties": { "flurname": "Wassbergholz", "ziel": "Limmat", "andock": "Gelände", "vergleich": "stimmt" }, "geometry": { "type": "Point", "coordinates": [ 2690817, 1243804 ] } },
{ "type": "Feature", "properties": { "flurname": "Ober Lätten", "ziel": "Rhein", "andock": "Gelände", "vergleich": "stimmt" }, "geometry": { "type": "Point", "coordinates": [ 2687380, 1248187 ] } },
{ "type": "Feature", "properties": { "flurname": "Ober Lätten", "ziel": "Rhein", "andock": "Gelände", "vergleich": "stimmt" }, "geometry": { "type": "Point", "coordinates": [ 2687229, 1248006 ] } },
{ "type": "Feature", "properties": { "flurname": "Ober Lätten", "ziel": "Rhein", "andock": "Gelände", "vergleich": "stimmt" }, "geometry": { "type": "Point", "coordinates": [ 2687391, 1248238 ] } },
{ "type": "Feature", "properties": { "flurname": "Tichelrüti", "ziel": "Rhein", "andock": "Gelände", "vergleich": "stimmt" }, "geometry": { "type": "Point", "coordinates": [ 2687919, 1248476 ] } },
{ "type": "Feature", "properties": { "flurname": "Oetenbachstr.", "ziel": "Rhein", "andock": "Gelände", "vergleich": "stimmt" }, "geometry": { "type": "Point", "coordinates": [ 2687370, 1247967 ] } },
{ "type": "Feature", "properties": { "flurname": "Häggeler", "ziel": "Rhein", "andock": "Gelände", "vergleich": "stimmt" }, "geometry": { "type": "Point", "coordinates": [ 2699013, 1259325 ] } },
{ "type": "Feature", "properties": { "flurname": "Flöhrain", "ziel": "kein Anschluss", "andock": "Gelände", "vergleich": "nicht verfolgt" }, "geometry": { "type": "Point", "coordinates": [ 2696291, 1259237 ] } },
{ "type": "Feature", "properties": { "flurname": "Chilenholz", "ziel": "Rhein", "andock": "Gelände", "vergleich": "stimmt" }, "geometry": { "type": "Point", "coordinates": [ 2697498, 1259815 ] } },
{ "type": "Feature", "properties": { "flurname": "Walishalden", "ziel": "kein Anschluss", "andock": "Gelände", "vergleich": "nicht verfolgt" }, "geometry": { "type": "Point", "coordinates": [ 2689485, 1256897 ] } },
{ "type": "Feature", "properties": { "flurname": "Hörnliholz", "ziel": "Rhein", "andock": "Gelände", "vergleich": "stimmt" }, "geometry": { "type": "Point", "coordinates": [ 2709421, 1240965 ] } },
{ "type": "Feature", "properties": { "flurname": "Chilchriet", "ziel": "Rhein", "andock": "Gelände", "vergleich": "stimmt" }, "geometry": { "type": "Point", "coordinates": [ 2708577, 1240169 ] } },
{ "type": "Feature", "properties": { "flurname": "Holenberghau", "ziel": "Nachbarkanton", "andock": "Gelände", "vergleich": "stimmt" }, "geometry": { "type": "Point", "coordinates": [ 2675302, 1240308 ] } },
{ "type": "Feature", "properties": { "flurname": "Feldermoos", "ziel": "Limmat", "andock": "Gelände", "vergleich": "EZG ohne Namen" }, "geometry": { "type": "Point", "coordinates": [ 2677632, 1247068 ] } },
{ "type": "Feature", "properties": { "flurname": "Oberer Steinmattbach", "ziel": "Limmat", "andock": "Gelände", "vergleich": "stimmt" }, "geometry": { "type": "Point", "coordinates": [ 2686515, 1232180 ] } },
{ "type": "Feature", "properties": { "flurname": "Bachtalen", "ziel": "kein Anschluss", "andock": "Gelände", "vergleich": "nicht verfolgt" }, "geometry": { "type": "Point", "coordinates": [ 2679428, 1231783 ] } },
{ "type": "Feature", "properties": { "flurname": "Bollmoos", "ziel": "Reuss", "andock": "Gelände", "vergleich": "stimmt" }, "geometry": { "type": "Point", "coordinates": [ 2675183, 1233316 ] } },
{ "type": "Feature", "properties": { "flurname": "Dettenriederwald", "ziel": "Rhein", "andock": "Gelände", "vergleich": "stimmt" }, "geometry": { "type": "Point", "coordinates": [ 2700998, 1256354 ] } },
{ "type": "Feature", "properties": { "flurname": "Farnholz", "ziel": "kein Anschluss", "andock": "Gelände", "vergleich": "nicht verfolgt" }, "geometry": { "type": "Point", "coordinates": [ 2712553, 1235572 ] } },
{ "type": "Feature", "properties": { "flurname": "Stuelwisen", "ziel": "Rhein", "andock": "Gelände", "vergleich": "EZG ohne Namen" }, "geometry": { "type": "Point", "coordinates": [ 2685909, 1263069 ] } },
{ "type": "Feature", "properties": { "flurname": "Kramer", "ziel": "Rhein", "andock": "Gelände", "vergleich": "stimmt" }, "geometry": { "type": "Point", "coordinates": [ 2695983, 1263141 ] } },
{ "type": "Feature", "properties": { "flurname": "Langboden", "ziel": "Rhein", "andock": "Gelände", "vergleich": "stimmt" }, "geometry": { "type": "Point", "coordinates": [ 2707502, 1256948 ] } },
{ "type": "Feature", "properties": { "flurname": "Undere Buechboden", "ziel": "Nachbarkanton", "andock": "Gelände", "vergleich": "EZG ohne Namen" }, "geometry": { "type": "Point", "coordinates": [ 2672005, 1258795 ] } },
{ "type": "Feature", "properties": { "flurname": "Im gälen Rain", "ziel": "Nachbarkanton", "andock": "Gelände", "vergleich": "EZG ohne Namen" }, "geometry": { "type": "Point", "coordinates": [ 2674266, 1257731 ] } },
{ "type": "Feature", "properties": { "flurname": "Im langen Batzberg", "ziel": "Nachbarkanton", "andock": "Gelände", "vergleich": "EZG ohne Namen" }, "geometry": { "type": "Point", "coordinates": [ 2710773, 1235771 ] } },
{ "type": "Feature", "properties": { "flurname": "Chisbach", "ziel": "kein Anschluss", "andock": "Gelände", "vergleich": "nicht verfolgt" }, "geometry": { "type": "Point", "coordinates": [ 2710881, 1235823 ] } },
{ "type": "Feature", "properties": { "flurname": "Hinterbergmoos", "ziel": "Limmat", "andock": "Gelände", "vergleich": "stimmt" }, "geometry": { "type": "Point", "coordinates": [ 2690105, 1228121 ] } },
{ "type": "Feature", "properties": { "flurname": "Au", "ziel": "Limmat", "andock": "Gelände", "vergleich": "stimmt" }, "geometry": { "type": "Point", "coordinates": [ 2690639, 1228268 ] } },
{ "type": "Feature", "properties": { "flurname": "Hinterbergmoos", "ziel": "Limmat", "andock": "Gelände", "vergleich": "stimmt" }, "geometry": { "type": "Point", "coordinates": [ 2690114, 1228079 ] } },
{ "type": "Feature", "properties": { "flurname": "Hinterbergried", "ziel": "Limmat", "andock": "Gelände", "vergleich": "stimmt" }, "geometry": { "type": "Point", "coordinates": [ 2690474, 1228014 ] } },
{ "type": "Feature", "properties": { "flurname": "Hinterbergried", "ziel": "Limmat", "andock": "Gelände", "vergleich": "stimmt" }, "geometry": { "type": "Point", "coordinates": [ 2690510, 1228064 ] } },
{ "type": "Feature", "properties": { "flurname": "Hinterbergmoos", "ziel": "Limmat", "andock": "Gelände", "vergleich": "stimmt" }, "geometry": { "type": "Point", "coordinates": [ 2689998, 1228039 ] } },
{ "type": "Feature", "properties": { "flurname": "Hinterbergried", "ziel": "Limmat", "andock": "Gelände", "vergleich": "stimmt" }, "geometry": { "type": "Point", "coordinates": [ 2690516, 1227935 ] } },
{ "type": "Feature", "properties": { "flurname": "Hinterbergmoos", "ziel": "Limmat", "andock": "Gelände", "vergleich": "stimmt" }, "geometry": { "type": "Point", "coordinates": [ 2690317, 1228540 ] } },
{ "type": "Feature", "properties": { "flurname": "Hinterbergried", "ziel": "Limmat", "andock": "Gelände", "vergleich": "stimmt" }, "geometry": { "type": "Point", "coordinates": [ 2690802, 1228020 ] } },
{ "type": "Feature", "properties": { "flurname": "Hinterbergmoos", "ziel": "Limmat", "andock": "Gelände", "vergleich": "stimmt" }, "geometry": { "type": "Point", "coordinates": [ 2689957, 1228506 ] } },
{ "type": "Feature", "properties": { "flurname": "Hüeblibach, Hinterzelg ", "ziel": "Rhein", "andock": "Gelände", "vergleich": "EZG ohne Namen" }, "geometry": { "type": "Point", "coordinates": [ 2689917, 1258775 ] } },
{ "type": "Feature", "properties": { "flurname": "Gmeindhüebli Hinterzelg", "ziel": "Rhein", "andock": "Gelände", "vergleich": "EZG ohne Namen" }, "geometry": { "type": "Point", "coordinates": [ 2689776, 1258779 ] } },
{ "type": "Feature", "properties": { "flurname": "Rietli", "ziel": "Rhein", "andock": "Gelände", "vergleich": "stimmt" }, "geometry": { "type": "Point", "coordinates": [ 2689456, 1258720 ] } },
{ "type": "Feature", "properties": { "flurname": "Madliker Steichel", "ziel": "Rhein", "andock": "Gelände", "vergleich": "EZG ohne Namen" }, "geometry": { "type": "Point", "coordinates": [ 2690386, 1258880 ] } },
{ "type": "Feature", "properties": { "flurname": "Zwifelsriet", "ziel": "Limmat", "andock": "Gelände", "vergleich": "stimmt" }, "geometry": { "type": "Point", "coordinates": [ 2687225, 1243659 ] } },
{ "type": "Feature", "properties": { "flurname": "Ober Salster", "ziel": "Limmat", "andock": "Gelände", "vergleich": "stimmt" }, "geometry": { "type": "Point", "coordinates": [ 2687115, 1243309 ] } },
{ "type": "Feature", "properties": { "flurname": "Ober Salster", "ziel": "Limmat", "andock": "Gelände", "vergleich": "stimmt" }, "geometry": { "type": "Point", "coordinates": [ 2687297, 1243309 ] } },
{ "type": "Feature", "properties": { "flurname": "Ober Salster", "ziel": "Limmat", "andock": "Gelände", "vergleich": "stimmt" }, "geometry": { "type": "Point", "coordinates": [ 2687196, 1243210 ] } },
{ "type": "Feature", "properties": { "flurname": "Ober Salster", "ziel": "Limmat", "andock": "Gelände", "vergleich": "stimmt" }, "geometry": { "type": "Point", "coordinates": [ 2687091, 1243318 ] } },
{ "type": "Feature", "properties": { "flurname": "Rüterwis", "ziel": "Limmat", "andock": "Gelände", "vergleich": "stimmt" }, "geometry": { "type": "Point", "coordinates": [ 2688058, 1243468 ] } },
{ "type": "Feature", "properties": { "flurname": "Gross Gfänn", "ziel": "kein Anschluss", "andock": "Gelände", "vergleich": "nicht verfolgt" }, "geometry": { "type": "Point", "coordinates": [ 2687023, 1244240 ] } },
{ "type": "Feature", "properties": { "flurname": "Feufbüel", "ziel": "Limmat", "andock": "Gelände", "vergleich": "EZG ohne Namen" }, "geometry": { "type": "Point", "coordinates": [ 2687694, 1243781 ] } },
{ "type": "Feature", "properties": { "flurname": "Gross Gfänn", "ziel": "kein Anschluss", "andock": "Gelände", "vergleich": "nicht verfolgt" }, "geometry": { "type": "Point", "coordinates": [ 2686983, 1244249 ] } },
{ "type": "Feature", "properties": { "flurname": "Schmärtlen", "ziel": "Limmat", "andock": "Gelände", "vergleich": "stimmt" }, "geometry": { "type": "Point", "coordinates": [ 2687176, 1242944 ] } },
{ "type": "Feature", "properties": { "flurname": "Gross Gfänn", "ziel": "kein Anschluss", "andock": "Gelände", "vergleich": "nicht verfolgt" }, "geometry": { "type": "Point", "coordinates": [ 2686665, 1244264 ] } },
{ "type": "Feature", "properties": { "flurname": "Matisenhölzli", "ziel": "Nachbarkanton", "andock": "Gelände", "vergleich": "stimmt" }, "geometry": { "type": "Point", "coordinates": [ 2676762, 1256687 ] } },
{ "type": "Feature", "properties": { "flurname": "Zälgli", "ziel": "Limmat", "andock": "Gelände", "vergleich": "stimmt" }, "geometry": { "type": "Point", "coordinates": [ 2689208, 1242121 ] } },
{ "type": "Feature", "properties": { "flurname": "Unterlägere", "ziel": "Nachbarkanton", "andock": "Gelände", "vergleich": "stimmt" }, "geometry": { "type": "Point", "coordinates": [ 2674114, 1259989 ] } },
{ "type": "Feature", "properties": { "flurname": "Moos", "ziel": "Rhein", "andock": "Gelände", "vergleich": "stimmt" }, "geometry": { "type": "Point", "coordinates": [ 2694558, 1272528 ] } },
{ "type": "Feature", "properties": { "flurname": "Tüfels Chilen", "ziel": "Rhein", "andock": "Gelände", "vergleich": "stimmt" }, "geometry": { "type": "Point", "coordinates": [ 2702754, 1257872 ] } },
{ "type": "Feature", "properties": { "flurname": "Rod", "ziel": "Rhein", "andock": "Gelände", "vergleich": "stimmt" }, "geometry": { "type": "Point", "coordinates": [ 2705201, 1254100 ] } },
{ "type": "Feature", "properties": { "flurname": "Galgeren", "ziel": "kein Anschluss", "andock": "Gelände", "vergleich": "nicht verfolgt" }, "geometry": { "type": "Point", "coordinates": [ 2705407, 1250598 ] } },
{ "type": "Feature", "properties": { "flurname": "Rehalp", "ziel": "Limmat", "andock": "Gelände", "vergleich": "stimmt" }, "geometry": { "type": "Point", "coordinates": [ 2686642, 1245353 ] } },
{ "type": "Feature", "properties": { "flurname": "Grindel", "ziel": "Rhein", "andock": "Gelände", "vergleich": "stimmt" }, "geometry": { "type": "Point", "coordinates": [ 2684851, 1257800 ] } },
{ "type": "Feature", "properties": { "flurname": "im underen Wisen", "ziel": "Rhein", "andock": "Gelände", "vergleich": "stimmt" }, "geometry": { "type": "Point", "coordinates": [ 2703315, 1253058 ] } },
{ "type": "Feature", "properties": { "flurname": "Guggacher", "ziel": "Rhein", "andock": "Gelände", "vergleich": "stimmt" }, "geometry": { "type": "Point", "coordinates": [ 2703185, 1253092 ] } },
{ "type": "Feature", "properties": { "flurname": "Ziltobel", "ziel": "Rhein", "andock": "Gelände", "vergleich": "EZG ohne Namen" }, "geometry": { "type": "Point", "coordinates": [ 2704041, 1249637 ] } },
{ "type": "Feature", "properties": { "flurname": "Schwizerwis", "ziel": "Rhein", "andock": "Gelände", "vergleich": "stimmt" }, "geometry": { "type": "Point", "coordinates": [ 2703620, 1249758 ] } },
{ "type": "Feature", "properties": { "flurname": "Rossweg", "ziel": "Limmat", "andock": "Gelände", "vergleich": "EZG ohne Namen" }, "geometry": { "type": "Point", "coordinates": [ 2681504, 1239471 ] } },
{ "type": "Feature", "properties": { "flurname": "Lehmgrubenweg_1", "ziel": "Rhein", "andock": "Gelände", "vergleich": "EZG ohne Namen" }, "geometry": { "type": "Point", "coordinates": [ 2679829, 1251834 ] } },
{ "type": "Feature", "properties": { "flurname": "Lehmgrubenweg_2", "ziel": "Rhein", "andock": "Gelände", "vergleich": "EZG ohne Namen" }, "geometry": { "type": "Point", "coordinates": [ 2679808, 1252030 ] } },
{ "type": "Feature", "properties": { "flurname": "Lerchenmätteli_1", "ziel": "Limmat", "andock": "Gelände", "vergleich": "stimmt" }, "geometry": { "type": "Point", "coordinates": [ 2679373, 1252029 ] } },
{ "type": "Feature", "properties": { "flurname": "Lerchenmätteli_2", "ziel": "Limmat", "andock": "Gelände", "vergleich": "stimmt" }, "geometry": { "type": "Point", "coordinates": [ 2679260, 1251999 ] } },
{ "type": "Feature", "properties": { "flurname": "Chelen", "ziel": "Nachbarkanton", "andock": "Gelände", "vergleich": "stimmt" }, "geometry": { "type": "Point", "coordinates": [ 2670612, 1258811 ] } },
{ "type": "Feature", "properties": { "flurname": "Cholgrueb", "ziel": "Nachbarkanton", "andock": "Gelände", "vergleich": "stimmt" }, "geometry": { "type": "Point", "coordinates": [ 2670269, 1257827 ] } },
{ "type": "Feature", "properties": { "flurname": "Chiläholzbächli", "ziel": "Rhein", "andock": "Gelände", "vergleich": "stimmt" }, "geometry": { "type": "Point", "coordinates": [ 2707296, 1256229 ] } },
{ "type": "Feature", "properties": { "flurname": "Rossweid", "ziel": "Limmat", "andock": "Gelände", "vergleich": "stimmt" }, "geometry": { "type": "Point", "coordinates": [ 2681207, 1240630 ] } },
{ "type": "Feature", "properties": { "flurname": "Rossweid", "ziel": "Limmat", "andock": "Gelände", "vergleich": "stimmt" }, "geometry": { "type": "Point", "coordinates": [ 2681196, 1240675 ] } },
{ "type": "Feature", "properties": { "flurname": "Zelgstrasse", "ziel": "Limmat", "andock": "Gelände", "vergleich": "EZG ohne Namen" }, "geometry": { "type": "Point", "coordinates": [ 2681680, 1241039 ] } },
{ "type": "Feature", "properties": { "flurname": "Höflirain", "ziel": "Limmat", "andock": "Gelände, anderer Bach", "vergleich": "stimmt" }, "geometry": { "type": "Point", "coordinates": [ 2682739, 1238785 ] } },
{ "type": "Feature", "properties": { "flurname": "Birrwald", "ziel": "Limmat", "andock": "Gelände", "vergleich": "EZG ohne Namen" }, "geometry": { "type": "Point", "coordinates": [ 2681811, 1237018 ] } },
{ "type": "Feature", "properties": { "flurname": "Hehlbach", "ziel": "kein Anschluss", "andock": "Gelände", "vergleich": "nicht verfolgt" }, "geometry": { "type": "Point", "coordinates": [ 2682789, 1236918 ] } },
{ "type": "Feature", "properties": { "flurname": "Schwerzi", "ziel": "Limmat", "andock": "Gelände", "vergleich": "EZG ohne Namen" }, "geometry": { "type": "Point", "coordinates": [ 2682634, 1237998 ] } },
{ "type": "Feature", "properties": { "flurname": "Längimoos", "ziel": "Limmat", "andock": "Gelände", "vergleich": "stimmt" }, "geometry": { "type": "Point", "coordinates": [ 2683333, 1239150 ] } },
{ "type": "Feature", "properties": { "flurname": "Wachtbach", "ziel": "Limmat", "andock": "Gelände", "vergleich": "stimmt" }, "geometry": { "type": "Point", "coordinates": [ 2682972, 1240110 ] } },
{ "type": "Feature", "properties": { "flurname": "Ametsmatt", "ziel": "Rhein", "andock": "Gelände", "vergleich": "stimmt" }, "geometry": { "type": "Point", "coordinates": [ 2679970, 1256091 ] } },
{ "type": "Feature", "properties": { "flurname": "Rumisberg 3", "ziel": "Rhein", "andock": "Gelände", "vergleich": "EZG ohne Namen" }, "geometry": { "type": "Point", "coordinates": [ 2708131, 1259455 ] } },
{ "type": "Feature", "properties": { "flurname": "Rumisberg 4", "ziel": "Rhein", "andock": "Gelände", "vergleich": "EZG ohne Namen" }, "geometry": { "type": "Point", "coordinates": [ 2707569, 1259600 ] } },
{ "type": "Feature", "properties": { "flurname": "Röhrlitobel 1", "ziel": "Rhein", "andock": "Gelände", "vergleich": "stimmt" }, "geometry": { "type": "Point", "coordinates": [ 2703887, 1257753 ] } },
{ "type": "Feature", "properties": { "flurname": "Röhrli 2", "ziel": "Rhein", "andock": "Gelände", "vergleich": "stimmt" }, "geometry": { "type": "Point", "coordinates": [ 2704217, 1257460 ] } },
{ "type": "Feature", "properties": { "flurname": "Rüteli", "ziel": "Rhein", "andock": "Gelände", "vergleich": "EZG ohne Namen" }, "geometry": { "type": "Point", "coordinates": [ 2708068, 1263128 ] } },
{ "type": "Feature", "properties": { "flurname": "Schauberg", "ziel": "Rhein", "andock": "Gelände", "vergleich": "EZG ohne Namen" }, "geometry": { "type": "Point", "coordinates": [ 2707950, 1262907 ] } },
{ "type": "Feature", "properties": { "flurname": "Rumisberg 1", "ziel": "Rhein", "andock": "Gelände", "vergleich": "EZG ohne Namen" }, "geometry": { "type": "Point", "coordinates": [ 2707802, 1259296 ] } },
{ "type": "Feature", "properties": { "flurname": "Rumisberg 2", "ziel": "Rhein", "andock": "Gelände", "vergleich": "EZG ohne Namen" }, "geometry": { "type": "Point", "coordinates": [ 2707924, 1259226 ] } },
{ "type": "Feature", "properties": { "flurname": "Chilbergbach", "ziel": "kein Anschluss", "andock": "Gelände", "vergleich": "nicht verfolgt" }, "geometry": { "type": "Point", "coordinates": [ 2704646, 1248775 ] } },
{ "type": "Feature", "properties": { "flurname": "Rappenstein", "ziel": "Rhein", "andock": "Gelände", "vergleich": "EZG ohne Namen" }, "geometry": { "type": "Point", "coordinates": [ 2708301, 1259008 ] } },
{ "type": "Feature", "properties": { "flurname": "Gmeinentobelbach", "ziel": "Rhein", "andock": "Gelände", "vergleich": "stimmt" }, "geometry": { "type": "Point", "coordinates": [ 2707755, 1256998 ] } },
{ "type": "Feature", "properties": { "flurname": "Freecht_1", "ziel": "Nachbarkanton", "andock": "Gelände", "vergleich": "stimmt" }, "geometry": { "type": "Point", "coordinates": [ 2704980, 1238854 ] } },
{ "type": "Feature", "properties": { "flurname": "Freecht_2", "ziel": "Nachbarkanton", "andock": "Gelände", "vergleich": "stimmt" }, "geometry": { "type": "Point", "coordinates": [ 2705012, 1238862 ] } },
{ "type": "Feature", "properties": { "flurname": "Meierwis", "ziel": "Nachbarkanton", "andock": "Gelände", "vergleich": "stimmt" }, "geometry": { "type": "Point", "coordinates": [ 2705212, 1239274 ] } },
{ "type": "Feature", "properties": { "flurname": "Hirsacher", "ziel": "kein Anschluss", "andock": "Gelände", "vergleich": "nicht verfolgt" }, "geometry": { "type": "Point", "coordinates": [ 2692527, 1238000 ] } },
{ "type": "Feature", "properties": { "flurname": "Stöffisweid", "ziel": "zu weit vom Bach", "andock": "zu weit", "vergleich": "nicht verfolgt" }, "geometry": { "type": "Point", "coordinates": [ 2674834, 1244173 ] } },
{ "type": "Feature", "properties": { "flurname": "Hinterbergried", "ziel": "Limmat", "andock": "Gelände", "vergleich": "stimmt" }, "geometry": { "type": "Point", "coordinates": [ 2690591, 1228218 ] } },
{ "type": "Feature", "properties": { "flurname": "Hinterbergried", "ziel": "Limmat", "andock": "Gelände", "vergleich": "stimmt" }, "geometry": { "type": "Point", "coordinates": [ 2690455, 1228150 ] } },
{ "type": "Feature", "properties": { "flurname": "Hinterbergried", "ziel": "Limmat", "andock": "Gelände", "vergleich": "stimmt" }, "geometry": { "type": "Point", "coordinates": [ 2690497, 1228172 ] } },
{ "type": "Feature", "properties": { "flurname": "Steichel (Egg)", "ziel": "Rhein", "andock": "Gelände", "vergleich": "EZG ohne Namen" }, "geometry": { "type": "Point", "coordinates": [ 2690052, 1258879 ] } },
{ "type": "Feature", "properties": { "flurname": "Ober Salster", "ziel": "Limmat", "andock": "Gelände", "vergleich": "stimmt" }, "geometry": { "type": "Point", "coordinates": [ 2687328, 1243277 ] } }
]
}
